Workbook

Sheet API_EG.ELC.ACCS.ZS_DS2_en_csv_v
A1: Data Source | B1: World Development Indicators
A3: Last Updated Date | B3: 46216
A5: Country Name | B5: Country Code | C5: Indicator Name | D5: Indicator Code | E5: 1960 | F5: 1961 | G5: 1962 | H5: 1963 | I5: 1964 | J5: 1965 | K5: 1966 | L5: 1967 | M5: 1968 | N5: 1969 | O5: 1970 | P5: 1971 | Q5: 1972 | R5: 1973 | S5: 1974 | T5: 1975 | U5: 1976 | V5: 1977 | W5: 1978 | X5: 1979 | Y5: 1980 | Z5: 1981 | AA5: 1982 | AB5: 1983 | AC5: 1984 | AD5: 1985 | AE5: 1986 | AF5: 1987 | AG5: 1988 | AH5: 1989 | AI5: 1990 | AJ5: 1991 | AK5: 1992 | AL5: 1993 | AM5: 1994 | AN5: 1995 | AO5: 1996 | AP5: 1997 | AQ5: 1998 | AR5: 1999 | AS5: 2000 | AT5: 2001 | AU5: 2002 | AV5: 2003 | AW5: 2004 | AX5: 2005 | AY5: 2006 | AZ5: 2007 | BA5: 2008 | BB5: 2009 | BC5: 2010 | BD5: 2011 | BE5: 2012 | BF5: 2013 | BG5: 2014 | BH5: 2015 | BI5: 2016 | BJ5: 2017 | BK5: 2018 | BL5: 2019 | BM5: 2020 | BN5: 2021 | BO5: 2022 | BP5: 2023 | BQ5: 2024 | BR5: 2025 | BS5: Region | BT5: Pop without Electricity
A6: Aruba | B6: ABW | C6: Access to electricity (% of population) | D6: EG.ELC.ACCS.ZS | AI6: 100 | AJ6: 99.153656 | AK6: 99.197128 | AL6: 99.239914 | AM6: 100 | AN6: 100 | AO6: 100 | AP6: 100 | AQ6: 100 | AR6: 100 | AS6: 91.7 | AT6: 100 | AU6: 100 | AV6: 100 | AW6: 100 | AX6: 100 | AY6: 100 | AZ6: 100 | BA6: 100 | BB6: 100 | BC6: 93.4 | BD6: 100 | BE6: 100 | BF6: 100 | BG6: 100 | BH6: 100 | BI6: 100 | BJ6: 100 | BK6: 100 | BL6: 100 | BM6: 100 | BN6: 100 | BO6: 99.9 | BP6: 100 | BQ6: 100 | BS6: =VLOOKUP(B6, Metadata!A:B, 2, FALSE) -> Latin America & Caribbean | BT6: =VLOOKUP(B6,Population!A:B,2,FALSE)*(1-BP6/100) -> 0
A7: Africa Eastern and Southern | B7: AFE | C7: Access to electricity (% of population) | D7: EG.ELC.ACCS.ZS | AS7: 19.917256 | AT7: 19.944277 | AU7: 21.548647 | AV7: 22.493217 | AW7: 23.724455 | AX7: 23.449539 | AY7: 25.172482 | AZ7: 26.795145 | BA7: 25.908845 | BB7: 26.187846 | BC7: 27.414954 | BD7: 28.909756 | BE7: 31.673427 | BF7: 31.723574 | BG7: 31.871956 | BH7: 33.922276 | BI7: 38.859598 | BJ7: 40.223744 | BK7: 43.035073 | BL7: 44.390861 | BM7: 46.282371 | BN7: 48.127211 | BO7: 48.742043 | BP7: 50.667516 | BQ7: 52.598171 | BS7: =VLOOKUP(B7, Metadata!A:B, 2, FALSE)
A8: Afghanistan | B8: AFG | C8: Access to electricity (% of population) | D8: EG.ELC.ACCS.ZS | AS8: 4.4 | AT8: 9.3 | AU8: 14.1 | AV8: 19 | AW8: 23.8 | AX8: 28.7 | AY8: 33.5 | AZ8: 38.4 | BA8: 42.4 | BB8: 48.3 | BC8: 42.7 | BD8: 43.2 | BE8: 69.1 | BF8: 68 | BG8: 89.5 | BH8: 71.5 | BI8: 97.7 | BJ8: 97.7 | BK8: 93.4 | BL8: 97.7 | BM8: 97.7 | BN8: 97.7 | BO8: 85.3 | BP8: 85.3 | BQ8: 87.8 | BS8: =VLOOKUP(B8, Metadata!A:B, 2, FALSE) -> Middle East & North Africa
A9: Africa Western and Central | B9: AFW | C9: Access to electricity (% of population) | D9: EG.ELC.ACCS.ZS | AL9: 31.653469 | AM9: 32.692208 | AN9: 33.694835 | AO9: 32.697395 | AP9: 32.52392 | AQ9: 33.537369 | AR9: 34.918951 | AS9: 34.268837 | AT9: 35.344367 | AU9: 35.828608 | AV9: 39.983091 | AW9: 37.611968 | AX9: 37.944506 | AY9: 39.969426 | AZ9: 40.879148 | BA9: 41.87867 | BB9: 42.01236 | BC9: 41.964455 | BD9: 46.069034 | BE9: 44.192408 | BF9: 47.202123 | BG9: 47.770081 | BH9: 46.865483 | BI9: 51.051636 | BJ9: 48.902228 | BK9: 51.338199 | BL9: 51.289374 | BM9: 51.851866 | BN9: 54.366012 | BO9: 55.585594 | BP9: 57.064737 | BQ9: 58.822166 | BS9: =VLOOKUP(B9, Metadata!A:B, 2, FALSE)
A10: Angola | B10: AGO | C10: Access to electricity (% of population) | D10: EG.ELC.ACCS.ZS | AS10: 24.2 | AT10: 20 | AU10: 26.3 | AV10: 27.4 | AW10: 28.4 | AX10: 29.4 | AY10: 30.5 | AZ10: 37.5 | BA10: 38.5 | BB10: 33.8 | BC10: 35 | BD10: 34.6 | BE10: 37.3 | BF10: 38.4 | BG10: 32 | BH10: 42 | BI10: 41.8 | BJ10: 42.9 | BK10: 45.3 | BL10: 45.6 | BM10: 47 | BN10: 48.2 | BO10: 48.5 | BP10: 51.1 | BQ10: 55.5 | BS10: =VLOOKUP(B10, Metadata!A:B, 2, FALSE) -> Sub-Saharan Africa | BT10: =VLOOKUP(B6,Population!A:B,2,FALSE)*(1-BP6/100) -> 0
A11: Albania | B11: ALB | C11: Access to electricity (% of population) | D11: EG.ELC.ACCS.ZS | AI11: 100 | AJ11: 100 | AK11: 100 | AL11: 100 | AM11: 100 | AN11: 100 | AO11: 100 | AP11: 100 | AQ11: 100 | AR11: 100 | AS11: 99.4 | AT11: 99.4 | AU11: 99.4 | AV11: 99.4 | AW11: 99.4 | AX11: 99.4 | AY11: 99.4 | AZ11: 99.4 | BA11: 100 | BB11: 99.6 | BC11: 99.6 | BD11: 99.7 | BE11: 99.9 | BF11: 99.9 | BG11: 100 | BH11: 100 | BI11: 99.9 | BJ11: 99.9 | BK11: 100 | BL11: 100 | BM11: 100 | BN11: 100 | BO11: 100 | BP11: 100 | BQ11: 100 | BS11: =VLOOKUP(B11, Metadata!A:B, 2, FALSE) -> Europe & Central Asia
A12: Andorra | B12: AND | C12: Access to electricity (% of population) | D12: EG.ELC.ACCS.ZS | AI12: 100 | AJ12: 100 | AK12: 100 | AL12: 100 | AM12: 100 | AN12: 100 | AO12: 100 | AP12: 100 | AQ12: 100 | AR12: 100 | AS12: 100 | AT12: 100 | AU12: 100 | AV12: 100 | AW12: 100 | AX12: 100 | AY12: 100 | AZ12: 100 | BA12: 100 | BB12: 100 | BC12: 100 | BD12: 100 | BE12: 100 | BF12: 100 | BG12: 100 | BH12: 100 | BI12: 100 | BJ12: 100 | BK12: 100 | BL12: 100 | BM12: 100 | BN12: 100 | BO12: 100 | BP12: 100 | BQ12: 100 | BS12: =VLOOKUP(B12, Metadata!A:B, 2, FALSE) -> Europe & Central Asia
A13: Arab World | B13: ARB | C13: Access to electricity (% of population) | D13: EG.ELC.ACCS.ZS | AP13: 76.611777 | AQ13: 77.541255 | AR13: 78.156404 | AS13: 80.458667 | AT13: 81.354794 | AU13: 81.323622 | AV13: 82.342222 | AW13: 82.279525 | AX13: 83.076767 | AY13: 85.284394 | AZ13: 83.626764 | BA13: 83.275564 | BB13: 84.159729 | BC13: 86.921503 | BD13: 87.172694 | BE13: 86.847867 | BF13: 88.96163 | BG13: 88.406777 | BH13: 88.661643 | BI13: 89.186171 | BJ13: 90.351067 | BK13: 88.689841 | BL13: 89.928996 | BM13: 90.241777 | BN13: 90.434095 | BO13: 90.654518 | BP13: 91.64543 | BQ13: 92.165918 | BS13: =VLOOKUP(B13, Metadata!A:B, 2, FALSE)
A14: United Arab Emirates | B14: ARE | C14: Access to electricity (% of population) | D14: EG.ELC.ACCS.ZS | AI14: 100 | AJ14: 100 | AK14: 100 | AL14: 100 | AM14: 100 | AN14: 100 | AO14: 100 | AP14: 100 | AQ14: 100 | AR14: 100 | AS14: 100 | AT14: 100 | AU14: 100 | AV14: 100 | AW14: 100 | AX14: 100 | AY14: 100 | AZ14: 100 | BA14: 100 | BB14: 100 | BC14: 100 | BD14: 100 | BE14: 100 | BF14: 100 | BG14: 100 | BH14: 100 | BI14: 100 | BJ14: 100 | BK14: 100 | BL14: 100 | BM14: 100 | BN14: 100 | BO14: 100 | BP14: 100 | BQ14: 100 | BS14: =VLOOKUP(B14, Metadata!A:B, 2, FALSE) -> Middle East & North Africa
A15: Argentina | B15: ARG | C15: Access to electricity (% of population) | D15: EG.ELC.ACCS.ZS | AI15: 92.1548 | AJ15: 92.492188 | AK15: 92.829453 | AL15: 93.166046 | AM15: 93.501274 | AN15: 93.834465 | AO15: 94.16494 | AP15: 94.492012 | AQ15: 94.815002 | AR15: 95.133156 | AS15: 95.7 | AT15: 95.5 | AU15: 96.1 | AV15: 96.3 | AW15: 96.5 | AX15: 96.7 | AY15: 97 | AZ15: 97.2 | BA15: 97.5 | BB15: 97.8 | BC15: 98.8 | BD15: 99 | BE15: 99.1 | BF15: 99.3 | BG15: 100 | BH15: 99.7 | BI15: 99.9 | BJ15: 100 | BK15: 100 | BL15: 100 | BM15: 100 | BN15: 100 | BO15: 100 | BP15: 100 | BQ15: 98.4 | BS15: =VLOOKUP(B15, Metadata!A:B, 2, FALSE) -> Latin America & Caribbean
A16: Armenia | B16: ARM | C16: Access to electricity (% of population) | D16: EG.ELC.ACCS.ZS | AS16: 98.9 | AT16: 100 | AU16: 98 | AV16: 99.1 | AW16: 99.1 | AX16: 99.8 | AY16: 99.1 | AZ16: 99.2 | BA16: 99.2 | BB16: 99.3 | BC16: 99.8 | BD16: 99.5 | BE16: 99.5 | BF16: 99.4 | BG16: 99.7 | BH16: 100 | BI16: 99.8 | BJ16: 99.7 | BK16: 99.9 | BL16: 100 | BM16: 100 | BN16: 100 | BO16: 100 | BP16: 100 | BQ16: 100 | BS16: =VLOOKUP(B16, Metadata!A:B, 2, FALSE) -> Europe & Central Asia
A17: American Samoa | B17: ASM | C17: Access to electricity (% of population) | D17: EG.ELC.ACCS.ZS | BS17: =VLOOKUP(B17, Metadata!A:B, 2, FALSE) -> East Asia & Pacific
A18: Antigua and Barbuda | B18: ATG | C18: Access to electricity (% of population) | D18: EG.ELC.ACCS.ZS | AI18: 95.763046 | AJ18: 95.940651 | AK18: 96.118134 | AL18: 96.294945 | AM18: 96.47039 | AN18: 96.643799 | AO18: 96.814484 | AP18: 96.981773 | AQ18: 97.144981 | AR18: 97.303352 | AS18: 97.7 | AT18: 97.7 | AU18: 100 | AV18: 97.9 | AW18: 97.9 | AX18: 92.2 | AY18: 100 | AZ18: 100 | BA18: 100 | BB18: 98.5 | BC18: 98.7 | BD18: 94.6 | BE18: 100 | BF18: 100 | BG18: 100 | BH18: 100 | BI18: 100 | BJ18: 100 | BK18: 100 | BL18: 100 | BM18: 100 | BN18: 100 | BO18: 100 | BP18: 100 | BQ18: 100 | BS18: =VLOOKUP(B18, Metadata!A:B, 2, FALSE) -> Latin America & Caribbean
A19: Australia | B19: AUS | C19: Access to electricity (% of population) | D19: EG.ELC.ACCS.ZS | AI19: 100 | AJ19: 100 | AK19: 100 | AL19: 100 | AM19: 100 | AN19: 100 | AO19: 100 | AP19: 100 | AQ19: 100 | AR19: 100 | AS19: 100 | AT19: 100 | AU19: 100 | AV19: 100 | AW19: 100 | AX19: 100 | AY19: 100 | AZ19: 100 | BA19: 100 | BB19: 100 | BC19: 100 | BD19: 100 | BE19: 100 | BF19: 100 | BG19: 100 | BH19: 100 | BI19: 100 | BJ19: 100 | BK19: 100 | BL19: 100 | BM19: 100 | BN19: 100 | BO19: 100 | BP19: 100 | BQ19: 100 | BS19: =VLOOKUP(B19, Metadata!A:B, 2, FALSE) -> East Asia & Pacific
A20: Austria | B20: AUT | C20: Access to electricity (% of population) | D20: EG.ELC.ACCS.ZS | AI20: 100 | AJ20: 100 | AK20: 100 | AL20: 100 | AM20: 100 | AN20: 100 | AO20: 100 | AP20: 100 | AQ20: 100 | AR20: 100 | AS20: 100 | AT20: 100 | AU20: 100 | AV20: 100 | AW20: 100 | AX20: 100 | AY20: 100 | AZ20: 100 | BA20: 100 | BB20: 100 | BC20: 100 | BD20: 100 | BE20: 100 | BF20: 100 | BG20: 100 | BH20: 100 | BI20: 100 | BJ20: 100 | BK20: 100 | BL20: 100 | BM20: 100 | BN20: 100 | BO20: 100 | BP20: 100 | BQ20: 100 | BS20: =VLOOKUP(B20, Metadata!A:B, 2, FALSE) -> Europe & Central Asia
A21: Azerbaijan | B21: AZE | C21: Access to electricity (% of population) | D21: EG.ELC.ACCS.ZS | AR21: 97 | AS21: 98.9 | AT21: 98.6 | AU21: 100 | AV21: 98.8 | AW21: 99 | AX21: 99.1 | AY21: 99.5 | AZ21: 99.5 | BA21: 99.7 | BB21: 99.9 | BC21: 99.9 | BD21: 99.9 | BE21: 100 | BF21: 100 | BG21: 100 | BH21: 100 | BI21: 100 | BJ21: 100 | BK21: 100 | BL21: 100 | BM21: 100 | BN21: 100 | BO21: 100 | BP21: 100 | BQ21: 100 | BS21: =VLOOKUP(B21, Metadata!A:B, 2, FALSE) -> Europe & Central Asia
A22: Burundi | B22: BDI | C22: Access to electricity (% of population) | D22: EG.ELC.ACCS.ZS | AQ22: 3.9 | AR22: 2.0709493 | AS22: 2.5 | AT22: 2.8 | AU22: 3.1 | AV22: 3.4 | AW22: 3.7 | AX22: 3.2 | AY22: 2.7 | AZ22: 4.7 | BA22: 4.8 | BB22: 5.4 | BC22: 5.3 | BD22: 6.2 | BE22: 6.5 | BF22: 6.9 | BG22: 7 | BH22: 7.9 | BI22: 8.5 | BJ22: 9.3 | BK22: 9.5 | BL22: 9.8 | BM22: 9.1 | BN22: 10.2 | BO22: 10.3 | BP22: 11.6 | BQ22: 20.1 | BS22: =VLOOKUP(B22, Metadata!A:B, 2, FALSE) -> Sub-Saharan Africa | BT22: =VLOOKUP(B18,Population!A:B,2,FALSE)*(1-BP18/100) -> 0
A23: Belgium | B23: BEL | C23: Access to electricity (% of population) | D23: EG.ELC.ACCS.ZS | AI23: 100 | AJ23: 100 | AK23: 100 | AL23: 100 | AM23: 100 | AN23: 100 | AO23: 100 | AP23: 100 | AQ23: 100 | AR23: 100 | AS23: 100 | AT23: 100 | AU23: 100 | AV23: 100 | AW23: 100 | AX23: 100 | AY23: 100 | AZ23: 100 | BA23: 100 | BB23: 100 | BC23: 100 | BD23: 100 | BE23: 100 | BF23: 100 | BG23: 100 | BH23: 100 | BI23: 100 | BJ23: 100 | BK23: 100 | BL23: 100 | BM23: 100 | BN23: 100 | BO23: 100 | BP23: 100 | BQ23: 100 | BS23: =VLOOKUP(B23, Metadata!A:B, 2, FALSE) -> Europe & Central Asia
A24: Benin | B24: BEN | C24: Access to electricity (% of population) | D24: EG.ELC.ACCS.ZS | AO24: 14.5 | AP24: 18.589626 | AQ24: 19.578255 | AR24: 20.562042 | AS24: 21.5 | AT24: 21.9 | AU24: 23.4 | AV24: 24.3 | AW24: 25.2 | AX24: 26.1 | AY24: 27.9 | AZ24: 28 | BA24: 29 | BB24: 30 | BC24: 34.2 | BD24: 36.9 | BE24: 38.4 | BF24: 34.7 | BG24: 34.1 | BH24: 29.6 | BI24: 37 | BJ24: 34.5 | BK24: 39 | BL24: 40 | BM24: 41 | BN24: 42 | BO24: 56.5 | BP24: 57 | BQ24: 59 | BS24: =VLOOKUP(B24, Metadata!A:B, 2, FALSE) -> Sub-Saharan Africa | BT24: =VLOOKUP(B20,Population!A:B,2,FALSE)*(1-BP20/100) -> 0
A25: Burkina Faso | B25: BFA | C25: Access to electricity (% of population) | D25: EG.ELC.ACCS.ZS | AL25: 6.1 | AM25: 6.12501 | AN25: 6.6253328 | AO25: 7.1229362 | AP25: 7.6171398 | AQ25: 8.1072645 | AR25: 6.9 | AS25: 9.1 | AT25: 9.5 | AU25: 9.9 | AV25: 11.4 | AW25: 10.7 | AX25: 11.1 | AY25: 11.6 | AZ25: 12 | BA25: 12.5 | BB25: 12.6 | BC25: 13.1 | BD25: 14.8 | BE25: 15.1 | BF25: 15.4 | BG25: 19.2 | BH25: 16.2 | BI25: 16.6 | BJ25: 17 | BK25: 14.4 | BL25: 17.6 | BM25: 18.5 | BN25: 19 | BO25: 19.5 | BP25: 21.7 | BQ25: 34 | BS25: =VLOOKUP(B25, Metadata!A:B, 2, FALSE) -> Sub-Saharan Africa | BT25: =VLOOKUP(B21,Population!A:B,2,FALSE)*(1-BP21/100) -> 0
A26: Bangladesh | B26: BGD | C26: Access to electricity (% of population) | D26: EG.ELC.ACCS.ZS | AJ26: 14.29 | AK26: 9.9054193 | AL26: 12.71788 | AM26: 17.8 | AN26: 18.338045 | AO26: 21.144386 | AP26: 22.4 | AQ26: 26.746193 | AR26: 29.540215 | AS26: 32 | AT26: 35 | AU26: 37.8 | AV26: 40.5 | AW26: 40.6 | AX26: 44.2 | AY26: 50.5 | AZ26: 46.5 | BA26: 54.3 | BB26: 57.1 | BC26: 55.3 | BD26: 59.6 | BE26: 65.5 | BF26: 61.5 | BG26: 62.4 | BH26: 74 | BI26: 75.9 | BJ26: 88 | BK26: 86.9 | BL26: 92.2 | BM26: 96.2 | BN26: 99 | BO26: 99.4 | BP26: 99.5 | BQ26: 99.5 | BS26: =VLOOKUP(B26, Metadata!A:B, 2, FALSE) -> South Asia
A27: Bulgaria | B27: BGR | C27: Access to electricity (% of population) | D27: EG.ELC.ACCS.ZS | AI27: 100 | AJ27: 100 | AK27: 100 | AL27: 100 | AM27: 100 | AN27: 100 | AO27: 100 | AP27: 100 | AQ27: 100 | AR27: 100 | AS27: 88.1 | AT27: 88.6 | AU27: 89.1 | AV27: 89.6 | AW27: 90.1 | AX27: 90.6 | AY27: 91.2 | AZ27: 91.7 | BA27: 92.3 | BB27: 92.9 | BC27: 93.5 | BD27: 94.1 | BE27: 94.7 | BF27: 95.3 | BG27: 95.9 | BH27: 96.6 | BI27: 97.3 | BJ27: 98.1 | BK27: 98.7 | BL27: 99.2 | BM27: 99.7 | BN27: 99.8 | BO27: 100 | BP27: 100 | BQ27: 100 | BS27: =VLOOKUP(B27, Metadata!A:B, 2, FALSE) -> Europe & Central Asia
A28: Bahrain | B28: BHR | C28: Access to electricity (% of population) | D28: EG.ELC.ACCS.ZS | AI28: 99.941399 | AJ28: 99.967392 | AK28: 99.987183 | AL28: 99.997139 | AM28: 99.999771 | AN28: 100 | AO28: 100 | AP28: 100 | AQ28: 100 | AR28: 100 | AS28: 100 | AT28: 100 | AU28: 100 | AV28: 100 | AW28: 100 | AX28: 100 | AY28: 100 | AZ28: 100 | BA28: 100 | BB28: 100 | BC28: 100 | BD28: 100 | BE28: 100 | BF28: 100 | BG28: 100 | BH28: 100 | BI28: 100 | BJ28: 100 | BK28: 100 | BL28: 100 | BM28: 100 | BN28: 100 | BO28: 100 | BP28: 100 | BQ28: 100 | BS28: =VLOOKUP(B28, Metadata!A:B, 2, FALSE) -> Middle East & North Africa
A29: Bahamas, The | B29: BHS | C29: Access to electricity (% of population) | D29: EG.ELC.ACCS.ZS | AI29: 100 | AJ29: 100 | AK29: 100 | AL29: 100 | AM29: 100 | AN29: 100 | AO29: 100 | AP29: 100 | AQ29: 100 | AR29: 100 | AS29: 100 | AT29: 100 | AU29: 100 | AV29: 100 | AW29: 100 | AX29: 100 | AY29: 100 | AZ29: 100 | BA29: 100 | BB29: 100 | BC29: 100 | BD29: 100 | BE29: 100 | BF29: 100 | BG29: 100 | BH29: 100 | BI29: 100 | BJ29: 100 | BK29: 100 | BL29: 100 | BM29: 100 | BN29: 100 | BO29: 100 | BP29: 100 | BQ29: 100 | BS29: =VLOOKUP(B29, Metadata!A:B, 2, FALSE) -> Latin America & Caribbean
A30: Bosnia and Herzegovina | B30: BIH | C30: Access to electricity (% of population) | D30: EG.ELC.ACCS.ZS | AI30: 100 | AJ30: 100 | AK30: 100 | AL30: 100 | AM30: 100 | AN30: 100 | AO30: 100 | AP30: 100 | AQ30: 100 | AR30: 100 | AS30: 99 | AT30: 99.4 | AU30: 98.5 | AV30: 99 | AW30: 99.1 | AX30: 99.1 | AY30: 99.4 | AZ30: 99.7 | BA30: 99.3 | BB30: 99.4 | BC30: 99.5 | BD30: 99.7 | BE30: 99.7 | BF30: 99.5 | BG30: 99.9 | BH30: 99.7 | BI30: 100 | BJ30: 100 | BK30: 100 | BL30: 100 | BM30: 100 | BN30: 100 | BO30: 100 | BP30: 100 | BQ30: 100 | BS30: =VLOOKUP(B30, Metadata!A:B, 2, FALSE) -> Europe & Central Asia
A31: Belarus | B31: BLR | C31: Access to electricity (% of population) | D31: EG.ELC.ACCS.ZS | AI31: 100 | AJ31: 100 | AK31: 100 | AL31: 100 | AM31: 100 | AN31: 100 | AO31: 100 | AP31: 100 | AQ31: 100 | AR31: 100 | AS31: 89 | AT31: 89.5 | AU31: 90 | AV31: 90.5 | AW31: 91 | AX31: 91.5 | AY31: 92.1 | AZ31: 92.6 | BA31: 93.2 | BB31: 93.8 | BC31: 94.4 | BD31: 95 | BE31: 95.6 | BF31: 96.2 | BG31: 96.8 | BH31: 97.4 | BI31: 98 | BJ31: 98.7 | BK31: 99.3 | BL31: 100 | BM31: 100 | BN31: 100 | BO31: 100 | BP31: 100 | BQ31: 100 | BS31: =VLOOKUP(B31, Metadata!A:B, 2, FALSE) -> Europe & Central Asia
A32: Belize | B32: BLZ | C32: Access to electricity (% of population) | D32: EG.ELC.ACCS.ZS | AJ32: 67 | AK32: 72.224915 | AL32: 73.123329 | AM32: 74.020386 | AN32: 74.915398 | AO32: 75.807693 | AP32: 76.696587 | AQ32: 77.581406 | AR32: 78.46138 | AS32: 79 | AT32: 80.2 | AU32: 81 | AV32: 81.8 | AW32: 82.6 | AX32: 83.5 | AY32: 91 | AZ32: 85.2 | BA32: 86.1 | BB32: 86.9 | BC32: 89.9 | BD32: 91.7 | BE32: 90.9 | BF32: 91.1 | BG32: 91.5 | BH32: 91.8 | BI32: 93.3 | BJ32: 94.2 | BK32: 91.7 | BL32: 92.7 | BM32: 96.8 | BN32: 97.7 | BO32: 98.6 | BP32: 99.6 | BQ32: 99.6 | BS32: =VLOOKUP(B32, Metadata!A:B, 2, FALSE) -> Latin America & Caribbean
A33: Bermuda | B33: BMU | C33: Access to electricity (% of population) | D33: EG.ELC.ACCS.ZS | AI33: 100 | AJ33: 100 | AK33: 100 | AL33: 100 | AM33: 100 | AN33: 100 | AO33: 100 | AP33: 100 | AQ33: 100 | AR33: 100 | AS33: 100 | AT33: 100 | AU33: 100 | AV33: 100 | AW33: 100 | AX33: 100 | AY33: 100 | AZ33: 100 | BA33: 100 | BB33: 100 | BC33: 100 | BD33: 100 | BE33: 100 | BF33: 100 | BG33: 100 | BH33: 100 | BI33: 100 | BJ33: 100 | BK33: 100 | BL33: 100 | BM33: 100 | BN33: 100 | BO33: 100 | BP33: 100 | BQ33: 100 | BS33: =VLOOKUP(B33, Metadata!A:B, 2, FALSE) -> North America
A34: Bolivia | B34: BOL | C34: Access to electricity (% of population) | D34: EG.ELC.ACCS.ZS | AK34: 60.027901 | AL34: 61.384029 | AM34: 64.1 | AN34: 64.09153 | AO34: 71 | AP34: 67.330431 | AQ34: 71.2 | AR34: 70.929888 | AS34: 70 | AT34: 69.3 | AU34: 64 | AV34: 72.3 | AW34: 75.9 | AX34: 68.3 | AY34: 76.2 | AZ34: 80.2 | BA34: 84.7 | BB34: 86.8 | BC34: 88 | BD34: 88.3 | BE34: 90.4 | BF34: 89.5 | BG34: 90 | BH34: 91.5 | BI34: 91.8 | BJ34: 91.8 | BK34: 92.8 | BL34: 95.1 | BM34: 97.2 | BN34: 98.6 | BO34: 99.9 | BP34: 99.8 | BQ34: 96.6 | BS34: =VLOOKUP(B34, Metadata!A:B, 2, FALSE) -> Latin America & Caribbean
A35: Brazil | B35: BRA | C35: Access to electricity (% of population) | D35: EG.ELC.ACCS.ZS | AI35: 87.475116 | AJ35: 90.606544 | AK35: 88.803833 | AL35: 89.999927 | AM35: 91.883728 | AN35: 91.728598 | AO35: 92.867095 | AP35: 93.354139 | AQ35: 94.193812 | AR35: 94.76296 | AS35: 94.4 | AT35: 96 | AU35: 96.7 | AV35: 97 | AW35: 96.8 | AX35: 97.1 | AY35: 97.6 | AZ35: 98.1 | BA35: 98.5 | BB35: 98.9 | BC35: 98.6 | BD35: 99.3 | BE35: 99.5 | BF35: 99.6 | BG35: 99.7 | BH35: 99.7 | BI35: 99.7 | BJ35: 99.8 | BK35: 99.7 | BL35: 99.8 | BM35: 99.7 | BN35: 99.5 | BO35: 100 | BP35: 99.8 | BQ35: 99.8 | BS35: =VLOOKUP(B35, Metadata!A:B, 2, FALSE) -> Latin America & Caribbean
A36: Barbados | B36: BRB | C36: Access to electricity (% of population) | D36: EG.ELC.ACCS.ZS | AI36: 99.984253 | AJ36: 99.993439 | AK36: 99.998688 | AL36: 100 | AM36: 100 | AN36: 100 | AO36: 100 | AP36: 100 | AQ36: 100 | AR36: 100 | AS36: 100 | AT36: 100 | AU36: 100 | AV36: 100 | AW36: 99.9 | AX36: 99.9 | AY36: 100 | AZ36: 100 | BA36: 100 | BB36: 100 | BC36: 100 | BD36: 100 | BE36: 100 | BF36: 100 | BG36: 100 | BH36: 100 | BI36: 100 | BJ36: 100 | BK36: 100 | BL36: 100 | BM36: 100 | BN36: 100 | BO36: 100 | BP36: 100 | BQ36: 100 | BS36: =VLOOKUP(B36, Metadata!A:B, 2, FALSE) -> Latin America & Caribbean
A37: Brunei Darussalam | B37: BRN | C37: Access to electricity (% of population) | D37: EG.ELC.ACCS.ZS | AI37: 100 | AJ37: 100 | AK37: 100 | AL37: 100 | AM37: 100 | AN37: 100 | AO37: 100 | AP37: 100 | AQ37: 100 | AR37: 100 | AS37: 100 | AT37: 100 | AU37: 100 | AV37: 100 | AW37: 100 | AX37: 100 | AY37: 100 | AZ37: 100 | BA37: 100 | BB37: 100 | BC37: 100 | BD37: 100 | BE37: 100 | BF37: 100 | BG37: 100 | BH37: 100 | BI37: 100 | BJ37: 100 | BK37: 100 | BL37: 100 | BM37: 100 | BN37: 100 | BO37: 100 | BP37: 100 | BQ37: 100 | BS37: =VLOOKUP(B37, Metadata!A:B, 2, FALSE) -> East Asia & Pacific
A38: Bhutan | B38: BTN | C38: Access to electricity (% of population) | D38: EG.ELC.ACCS.ZS | AS38: 31.1 | AT38: 40.2 | AU38: 44.1 | AV38: 41.1 | AW38: 51.9 | AX38: 59.8 | AY38: 59.7 | AZ38: 71.8 | BA38: 67.6 | BB38: 71.5 | BC38: 73.3 | BD38: 81.8 | BE38: 91.5 | BF38: 87.4 | BG38: 91.4 | BH38: 95.4 | BI38: 99.3 | BJ38: 97.7 | BK38: 100 | BL38: 100 | BM38: 100 | BN38: 100 | BO38: 100 | BP38: 100 | BQ38: 100 | BS38: =VLOOKUP(B38, Metadata!A:B, 2, FALSE) -> South Asia
A39: Botswana | B39: BWA | C39: Access to electricity (% of population) | D39: EG.ELC.ACCS.ZS | AJ39: 10.1 | AK39: 9.3982267 | AL39: 11.642076 | AM39: 13.884566 | AN39: 16.125017 | AO39: 18.362747 | AP39: 20.597078 | AQ39: 22.82733 | AR39: 25.05274 | AS39: 26.5 | AT39: 24.8 | AU39: 27 | AV39: 33.1 | AW39: 35.3 | AX39: 37.5 | AY39: 39.7 | AZ39: 41.9 | BA39: 44.5 | BB39: 43.4 | BC39: 52 | BD39: 53.2 | BE39: 56 | BF39: 58 | BG39: 60 | BH39: 62.1 | BI39: 64.2 | BJ39: 67.4 | BK39: 68.3 | BL39: 70.1 | BM39: 71.8 | BN39: 73.7 | BO39: 75.9 | BP39: 76 | BQ39: 80.2 | BS39: =VLOOKUP(B39, Metadata!A:B, 2, FALSE) -> Sub-Saharan Africa | BT39: =VLOOKUP(B35,Population!A:B,2,FALSE)*(1-BP35/100) -> 422281.46
A40: Central African Republic | B40: CAF | C40: Access to electricity (% of population) | D40: EG.ELC.ACCS.ZS | AN40: 3 | AO40: 3.3349156 | AP40: 3.8302102 | AQ40: 4.3214254 | AR40: 4.8077984 | AS40: 6 | AT40: 5.7 | AU40: 6.1 | AV40: 6.6 | AW40: 7 | AX40: 7.4 | AY40: 7.8 | AZ40: 8.4 | BA40: 7.5 | BB40: 9.4 | BC40: 9.8 | BD40: 10.4 | BE40: 11 | BF40: 11.5 | BG40: 12 | BH40: 12.7 | BI40: 13.4 | BJ40: 14.1 | BK40: 14.6 | BL40: 14.3 | BM40: 15.4 | BN40: 15.7 | BO40: 15.7 | BP40: 17.6 | BQ40: 18.2 | BS40: =VLOOKUP(B40, Metadata!A:B, 2, FALSE) -> Sub-Saharan Africa | BT40: =VLOOKUP(B36,Population!A:B,2,FALSE)*(1-BP36/100) -> 0
A41: Canada | B41: CAN | C41: Access to electricity (% of population) | D41: EG.ELC.ACCS.ZS | AI41: 100 | AJ41: 100 | AK41: 100 | AL41: 100 | AM41: 100 | AN41: 100 | AO41: 100 | AP41: 100 | AQ41: 100 | AR41: 100 | AS41: 100 | AT41: 100 | AU41: 100 | AV41: 100 | AW41: 100 | AX41: 100 | AY41: 100 | AZ41: 100 | BA41: 100 | BB41: 100 | BC41: 100 | BD41: 100 | BE41: 100 | BF41: 100 | BG41: 100 | BH41: 100 | BI41: 100 | BJ41: 100 | BK41: 100 | BL41: 100 | BM41: 100 | BN41: 100 | BO41: 100 | BP41: 100 | BQ41: 100 | BS41: =VLOOKUP(B41, Metadata!A:B, 2, FALSE) -> North America
A42: Central Europe and the Baltics | B42: CEB | C42: Access to electricity (% of population) | D42: EG.ELC.ACCS.ZS | AI42: 100 | AJ42: 100 | AK42: 100 | AL42: 100 | AM42: 100 | AN42: 100 | AO42: 100 | AP42: 100 | AQ42: 100 | AR42: 100 | AS42: 97.926264 | AT42: 98.023538 | AU42: 98.141558 | AV42: 98.190797 | AW42: 98.26793 | AX42: 98.3207 | AY42: 98.424282 | AZ42: 98.527645 | BA42: 98.668857 | BB42: 98.85866 | BC42: 98.964427 | BD42: 99.068299 | BE42: 99.202836 | BF42: 99.308477 | BG42: 99.410769 | BH42: 99.538471 | BI42: 99.645914 | BJ42: 99.873687 | BK42: 99.876376 | BL42: 99.948035 | BM42: 99.980584 | BN42: 99.987012 | BO42: 100 | BP42: 100 | BQ42: 100 | BS42: =VLOOKUP(B42, Metadata!A:B, 2, FALSE)
A43: Switzerland | B43: CHE | C43: Access to electricity (% of population) | D43: EG.ELC.ACCS.ZS | AI43: 100 | AJ43: 100 | AK43: 100 | AL43: 100 | AM43: 100 | AN43: 100 | AO43: 100 | AP43: 100 | AQ43: 100 | AR43: 100 | AS43: 100 | AT43: 100 | AU43: 100 | AV43: 100 | AW43: 100 | AX43: 100 | AY43: 100 | AZ43: 100 | BA43: 100 | BB43: 100 | BC43: 100 | BD43: 100 | BE43: 100 | BF43: 100 | BG43: 100 | BH43: 100 | BI43: 100 | BJ43: 100 | BK43: 100 | BL43: 100 | BM43: 100 | BN43: 100 | BO43: 100 | BP43: 100 | BQ43: 100 | BS43: =VLOOKUP(B43, Metadata!A:B, 2, FALSE) -> Europe & Central Asia
A44: Channel Islands | B44: CHI | C44: Access to electricity (% of population) | D44: EG.ELC.ACCS.ZS | AI44: 100 | AJ44: 100 | AK44: 100 | AL44: 100 | AM44: 100 | AN44: 100 | AO44: 100 | AP44: 100 | AQ44: 100 | AR44: 100 | AS44: 100 | AT44: 100 | AU44: 100 | AV44: 100 | AW44: 100 | AX44: 100 | AY44: 100 | AZ44: 100 | BA44: 100 | BB44: 100 | BC44: 100 | BD44: 100 | BE44: 100 | BF44: 100 | BG44: 100 | BH44: 100 | BI44: 100 | BJ44: 100 | BK44: 100 | BL44: 100 | BM44: 100 | BN44: 100 | BO44: 100 | BP44: 100 | BQ44: 100 | BS44: =VLOOKUP(B44, Metadata!A:B, 2, FALSE) -> Europe & Central Asia
A45: Chile | B45: CHL | C45: Access to electricity (% of population) | D45: EG.ELC.ACCS.ZS | AI45: 92.257427 | AJ45: 94.781624 | AK45: 94.560057 | AL45: 95.273727 | AM45: 95.518074 | AN45: 95.760384 | AO45: 95.617315 | AP45: 96.236168 | AQ45: 97.241124 | AR45: 96.695549 | AS45: 97.9 | AT45: 97.1 | AU45: 97.3 | AV45: 98.8 | AW45: 97.5 | AX45: 97.7 | AY45: 99.4 | AZ45: 98 | BA45: 98.2 | BB45: 99.6 | BC45: 99.5 | BD45: 99.6 | BE45: 100 | BF45: 99.6 | BG45: 100 | BH45: 99.7 | BI45: 100 | BJ45: 99.7 | BK45: 100 | BL45: 100 | BM45: 100 | BN45: 100 | BO45: 100 | BP45: 100 | BQ45: 99 | BS45: =VLOOKUP(B45, Metadata!A:B, 2, FALSE) -> Latin America & Caribbean
A46: China | B46: CHN | C46: Access to electricity (% of population) | D46: EG.ELC.ACCS.ZS | AS46: 96.7 | AT46: 97 | AU46: 97.2 | AV46: 97.4 | AW46: 97.7 | AX46: 97.9 | AY46: 98.2 | AZ46: 98.5 | BA46: 98.8 | BB46: 99.1 | BC46: 99.7 | BD46: 99.9 | BE46: 99.9 | BF46: 100 | BG46: 100 | BH46: 100 | BI46: 100 | BJ46: 100 | BK46: 100 | BL46: 100 | BM46: 100 | BN46: 100 | BO46: 100 | BP46: 100 | BQ46: 100 | BS46: =VLOOKUP(B46, Metadata!A:B, 2, FALSE) -> East Asia & Pacific
A47: Cote d'Ivoire | B47: CIV | C47: Access to electricity (% of population) | D47: EG.ELC.ACCS.ZS | AM47: 36.5 | AN47: 43.631252 | AO47: 44.648212 | AP47: 45.66177 | AQ47: 46.671246 | AR47: 48.2 | AS47: 48.7 | AT47: 49.7 | AU47: 51.4 | AV47: 51.5 | AW47: 52.4 | AX47: 58.9 | AY47: 60.2 | AZ47: 55.3 | BA47: 60.3 | BB47: 57.3 | BC47: 58.4 | BD47: 55.8 | BE47: 55.8 | BF47: 61.5 | BG47: 61.9 | BH47: 62.6 | BI47: 64.3 | BJ47: 65.6 | BK47: 67.1 | BL47: 68.6 | BM47: 69.9 | BN47: 71.1 | BO47: 70.4 | BP47: 72.4 | BQ47: 72.9 | BS47: =VLOOKUP(B47, Metadata!A:B, 2, FALSE) -> Sub-Saharan Africa | BT47: =VLOOKUP(B43,Population!A:B,2,FALSE)*(1-BP43/100) -> 0
A48: Cameroon | B48: CMR | C48: Access to electricity (% of population) | D48: EG.ELC.ACCS.ZS | AJ48: 29 | AK48: 32.697525 | AL48: 33.849194 | AM48: 34.999504 | AN48: 36.147774 | AO48: 37.293324 | AP48: 38.435474 | AQ48: 40.7 | AR48: 40.706776 | AS48: 41 | AT48: 46.2 | AU48: 44 | AV48: 45.1 | AW48: 47.1 | AX48: 47.2 | AY48: 49 | AZ48: 48.2 | BA48: 50.6 | BB48: 51.7 | BC48: 52.8 | BD48: 53.7 | BE48: 55.2 | BF48: 56.3 | BG48: 56.8 | BH48: 58.6 | BI48: 59.8 | BJ48: 60.9 | BK48: 62.2 | BL48: 63.2 | BM48: 64.3 | BN48: 65.4 | BO48: 71 | BP48: 72 | BQ48: 72 | BS48: =VLOOKUP(B48, Metadata!A:B, 2, FALSE) -> Sub-Saharan Africa | BT48: =VLOOKUP(B44,Population!A:B,2,FALSE)*(1-BP44/100) -> 0
A49: Congo, Dem. Rep. | B49: COD | C49: Access to electricity (% of population) | D49: EG.ELC.ACCS.ZS | AS49: 6.7 | AT49: 7.1 | AU49: 7.7 | AV49: 8.3 | AW49: 9 | AX49: 6 | AY49: 10.2 | AZ49: 15.2 | BA49: 11.6 | BB49: 12.3 | BC49: 13 | BD49: 13.7 | BE49: 15.4 | BF49: 15.2 | BG49: 13.5 | BH49: 16.6 | BI49: 17.3 | BJ49: 18 | BK49: 18.7 | BL49: 19.1 | BM49: 20.1 | BN49: 20.8 | BO49: 21.5 | BP49: 22.1 | BQ49: 22.5 | BS49: =VLOOKUP(B49, Metadata!A:B, 2, FALSE) -> Sub-Saharan Africa | BT49: =VLOOKUP(B45,Population!A:B,2,FALSE)*(1-BP45/100) -> 0
A50: Congo, Rep. | B50: COG | C50: Access to electricity (% of population) | D50: EG.ELC.ACCS.ZS | AS50: 29.4 | AT50: 30.3 | AU50: 31.2 | AV50: 32.1 | AW50: 33 | AX50: 33.8 | AY50: 34.9 | AZ50: 35.8 | BA50: 36.8 | BB50: 37.1 | BC50: 40 | BD50: 40.8 | BE50: 41.6 | BF50: 42.5 | BG50: 43.4 | BH50: 44.3 | BI50: 45.3 | BJ50: 46.2 | BK50: 47 | BL50: 47.7 | BM50: 48.7 | BN50: 49.7 | BO50: 50.6 | BP50: 51.3 | BQ50: 53 | BS50: =VLOOKUP(B50, Metadata!A:B, 2, FALSE) -> Sub-Saharan Africa | BT50: =VLOOKUP(B46,Population!A:B,2,FALSE)*(1-BP46/100) -> 0
A51: Colombia | B51: COL | C51: Access to electricity (% of population) | D51: EG.ELC.ACCS.ZS | AI51: 89.9 | AJ51: 91.836655 | AK51: 92.13266 | AL51: 92.427994 | AM51: 92.721962 | AN51: 91.2 | AO51: 93.303101 | AP51: 93.588913 | AQ51: 93.870644 | AR51: 94.14753 | AS51: 95.2 | AT51: 98.5 | AU51: 94.9 | AV51: 95.1 | AW51: 95.3 | AX51: 96.8 | AY51: 95.7 | AZ51: 96 | BA51: 96.8 | BB51: 96.1 | BC51: 96.8 | BD51: 96.7 | BE51: 97 | BF51: 97.8 | BG51: 97.8 | BH51: 98.2 | BI51: 98.4 | BJ51: 98.5 | BK51: 98.5 | BL51: 99.4 | BM51: 99.7 | BN51: 100 | BO51: 100 | BP51: 98.7 | BQ51: 98.9 | BS51: =VLOOKUP(B51, Metadata!A:B, 2, FALSE) -> Latin America & Caribbean
A52: Comoros | B52: COM | C52: Access to electricity (% of population) | D52: EG.ELC.ACCS.ZS | AO52: 28.9 | AP52: 32.762413 | AQ52: 35.094528 | AR52: 37.421803 | AS52: 39.8 | AT52: 42 | AU52: 44.8 | AV52: 46.5 | AW52: 48.7 | AX52: 51 | AY52: 53.2 | AZ52: 55.5 | BA52: 57.8 | BB52: 60.1 | BC52: 69.7 | BD52: 69.3 | BE52: 69.3 | BF52: 69.4 | BG52: 71.8 | BH52: 74.1 | BI52: 76.4 | BJ52: 78.7 | BK52: 81 | BL52: 83.3 | BM52: 85.6 | BN52: 87.9 | BO52: 89.9 | BP52: 89.8 | BQ52: 91.7 | BS52: =VLOOKUP(B52, Metadata!A:B, 2, FALSE) -> Sub-Saharan Africa | BT52: =VLOOKUP(B48,Population!A:B,2,FALSE)*(1-BP48/100) -> 7944352.4
A53: Cabo Verde | B53: CPV | C53: Access to electricity (% of population) | D53: EG.ELC.ACCS.ZS | AS53: 58.6 | AT53: 60.3 | AU53: 58.6 | AV53: 63.7 | AW53: 65.4 | AX53: 67 | AY53: 68.8 | AZ53: 70.5 | BA53: 72.3 | BB53: 74.1 | BC53: 81.1 | BD53: 82.3 | BE53: 83.2 | BF53: 84.3 | BG53: 85.3 | BH53: 86.4 | BI53: 87.5 | BJ53: 88.6 | BK53: 90.2 | BL53: 91.4 | BM53: 93.7 | BN53: 95.5 | BO53: 97.1 | BP53: 98.6 | BQ53: 98.4 | BS53: =VLOOKUP(B53, Metadata!A:B, 2, FALSE) -> Sub-Saharan Africa | BT53: =VLOOKUP(B49,Population!A:B,2,FALSE)*(1-BP49/100) -> 82410200
A54: Costa Rica | B54: CRI | C54: Access to electricity (% of population) | D54: EG.ELC.ACCS.ZS | AS54: 96.9 | AT54: 98.2 | AU54: 98.5 | AV54: 98.7 | AW54: 99 | AX54: 99.1 | AY54: 99.1 | AZ54: 99.2 | BA54: 99.3 | BB54: 99.4 | BC54: 99 | BD54: 99.2 | BE54: 99.5 | BF54: 99.6 | BG54: 99.4 | BH54: 99.4 | BI54: 99.5 | BJ54: 99.6 | BK54: 99.7 | BL54: 99.7 | BM54: 99.9 | BN54: 100 | BO54: 100 | BP54: 100 | BQ54: 99.8 | BS54: =VLOOKUP(B54, Metadata!A:B, 2, FALSE) -> Latin America & Caribbean
A55: Caribbean small states | B55: CSS | C55: Access to electricity (% of population) | D55: EG.ELC.ACCS.ZS | AS55: 88.415929 | AT55: 90.485534 | AU55: 90.809113 | AV55: 91.001872 | AW55: 91.289465 | AX55: 90.815787 | AY55: 91.946398 | AZ55: 93.081605 | BA55: 93.444129 | BB55: 92.915294 | BC55: 94.181512 | BD55: 94.127682 | BE55: 95.254311 | BF55: 95.56374 | BG55: 95.84322 | BH55: 96.200195 | BI55: 96.665687 | BJ55: 97.05429 | BK55: 97.087828 | BL55: 97.36859 | BM55: 97.933363 | BN55: 98.174699 | BO55: 98.306422 | BP55: 99.168478 | BQ55: 98.428181 | BS55: =VLOOKUP(B55, Metadata!A:B, 2, FALSE)
A56: Cuba | B56: CUB | C56: Access to electricity (% of population) | D56: EG.ELC.ACCS.ZS | AS56: 97 | AT56: 96.2 | AU56: 95.5 | AV56: 96.5 | AW56: 96.6 | AX56: 96.8 | AY56: 96.9 | AZ56: 97.1 | BA56: 97.3 | BB56: 97.6 | BC56: 97.8 | BD56: 98 | BE56: 98.3 | BF56: 98.5 | BG56: 98.7 | BH56: 99 | BI56: 99.2 | BJ56: 99.4 | BK56: 99.6 | BL56: 99.8 | BM56: 99.9 | BN56: 100 | BO56: 100 | BP56: 100 | BQ56: 100 | BS56: =VLOOKUP(B56, Metadata!A:B, 2, FALSE) -> Latin America & Caribbean
A57: Curacao | B57: CUW | C57: Access to electricity (% of population) | D57: EG.ELC.ACCS.ZS | AI57: 100 | AJ57: 100 | AK57: 100 | AL57: 100 | AM57: 100 | AN57: 100 | AO57: 100 | AP57: 100 | AQ57: 100 | AR57: 100 | AS57: 100 | AT57: 99.9 | AU57: 99.9 | AV57: 99.8 | AW57: 99.8 | AX57: 99.7 | AY57: 99.7 | AZ57: 99.7 | BA57: 99.7 | BB57: 99.7 | BC57: 100 | BD57: 100 | BE57: 100 | BF57: 100 | BG57: 100 | BH57: 100 | BI57: 100 | BJ57: 100 | BK57: 100 | BL57: 100 | BM57: 100 | BN57: 100 | BO57: 100 | BP57: 100 | BQ57: 100 | BS57: =VLOOKUP(B57, Metadata!A:B, 2, FALSE) -> Latin America & Caribbean
A58: Cayman Islands | B58: CYM | C58: Access to electricity (% of population) | D58: EG.ELC.ACCS.ZS | AI58: 99.846924 | AJ58: 99.878815 | AK58: 99.91024 | AL58: 100 | AM58: 100 | AN58: 100 | AO58: 100 | AP58: 100 | AQ58: 100 | AR58: 100 | AS58: 100 | AT58: 100 | AU58: 100 | AV58: 100 | AW58: 100 | AX58: 100 | AY58: 100 | AZ58: 100 | BA58: 100 | BB58: 100 | BC58: 100 | BD58: 100 | BE58: 100 | BF58: 100 | BG58: 100 | BH58: 100 | BI58: 100 | BJ58: 100 | BK58: 100 | BL58: 100 | BM58: 100 | BN58: 100 | BO58: 100 | BP58: 100 | BQ58: 100 | BS58: =VLOOKUP(B58, Metadata!A:B, 2, FALSE) -> Latin America & Caribbean
A59: Cyprus | B59: CYP | C59: Access to electricity (% of population) | D59: EG.ELC.ACCS.ZS | AI59: 100 | AJ59: 100 | AK59: 100 | AL59: 100 | AM59: 100 | AN59: 100 | AO59: 100 | AP59: 100 | AQ59: 100 | AR59: 100 | AS59: 100 | AT59: 100 | AU59: 100 | AV59: 100 | AW59: 100 | AX59: 100 | AY59: 100 | AZ59: 100 | BA59: 100 | BB59: 100 | BC59: 100 | BD59: 100 | BE59: 100 | BF59: 100 | BG59: 100 | BH59: 100 | BI59: 100 | BJ59: 100 | BK59: 100 | BL59: 100 | BM59: 100 | BN59: 100 | BO59: 100 | BP59: 100 | BQ59: 100 | BS59: =VLOOKUP(B59, Metadata!A:B, 2, FALSE) -> Europe & Central Asia
A60: Czechia | B60: CZE | C60: Access to electricity (% of population) | D60: EG.ELC.ACCS.ZS | AI60: 100 | AJ60: 100 | AK60: 100 | AL60: 100 | AM60: 100 | AN60: 100 | AO60: 100 | AP60: 100 | AQ60: 100 | AR60: 100 | AS60: 100 | AT60: 100 | AU60: 100 | AV60: 100 | AW60: 100 | AX60: 100 | AY60: 100 | AZ60: 100 | BA60: 100 | BB60: 100 | BC60: 100 | BD60: 100 | BE60: 100 | BF60: 100 | BG60: 100 | BH60: 100 | BI60: 100 | BJ60: 100 | BK60: 100 | BL60: 100 | BM60: 100 | BN60: 100 | BO60: 100 | BP60: 100 | BQ60: 100 | BS60: =VLOOKUP(B60, Metadata!A:B, 2, FALSE) -> Europe & Central Asia
A61: Germany | B61: DEU | C61: Access to electricity (% of population) | D61: EG.ELC.ACCS.ZS | AI61: 100 | AJ61: 100 | AK61: 100 | AL61: 100 | AM61: 100 | AN61: 100 | AO61: 100 | AP61: 100 | AQ61: 100 | AR61: 100 | AS61: 100 | AT61: 100 | AU61: 100 | AV61: 100 | AW61: 100 | AX61: 100 | AY61: 100 | AZ61: 100 | BA61: 100 | BB61: 100 | BC61: 100 | BD61: 100 | BE61: 100 | BF61: 100 | BG61: 100 | BH61: 100 | BI61: 100 | BJ61: 100 | BK61: 100 | BL61: 100 | BM61: 100 | BN61: 100 | BO61: 100 | BP61: 100 | BQ61: 100 | BS61: =VLOOKUP(B61, Metadata!A:B, 2, FALSE) -> Europe & Central Asia
A62: Djibouti | B62: DJI | C62: Access to electricity (% of population) | D62: EG.ELC.ACCS.ZS | AO62: 62 | AP62: 56.294495 | AQ62: 56.322254 | AR62: 56.345169 | AS62: 56 | AT62: 56.1 | AU62: 49.7 | AV62: 56.4 | AW62: 56.6 | AX62: 56.8 | AY62: 55.5 | AZ62: 57.2 | BA62: 57.4 | BB62: 57.6 | BC62: 57.9 | BD62: 58.1 | BE62: 54.6 | BF62: 58.6 | BG62: 58.9 | BH62: 59.1 | BI62: 59.8 | BJ62: 60.2 | BK62: 62.4 | BL62: 64.7 | BM62: 64.5 | BN62: 65.4 | BO62: 65 | BP62: 65.2 | BQ62: 69.2 | BS62: =VLOOKUP(B62, Metadata!A:B, 2, FALSE) -> Middle East & North Africa
A63: Dominica | B63: DMA | C63: Access to electricity (% of population) | D63: EG.ELC.ACCS.ZS | AQ63: 75 | AR63: 79.621918 | AS63: 81.1 | AT63: 82.1 | AU63: 87.7 | AV63: 84 | AW63: 85 | AX63: 86 | AY63: 87 | AZ63: 88.1 | BA63: 90.9 | BB63: 90.2 | BC63: 91.3 | BD63: 90.1 | BE63: 93.5 | BF63: 94.6 | BG63: 95.7 | BH63: 96.7 | BI63: 97.8 | BJ63: 98.9 | BK63: 99.6 | BL63: 99.9 | BM63: 100 | BN63: 100 | BO63: 100 | BP63: 100 | BQ63: 100 | BS63: =VLOOKUP(B63, Metadata!A:B, 2, FALSE) -> Latin America & Caribbean
A64: Denmark | B64: DNK | C64: Access to electricity (% of population) | D64: EG.ELC.ACCS.ZS | AI64: 100 | AJ64: 100 | AK64: 100 | AL64: 100 | AM64: 100 | AN64: 100 | AO64: 100 | AP64: 100 | AQ64: 100 | AR64: 100 | AS64: 100 | AT64: 100 | AU64: 100 | AV64: 100 | AW64: 100 | AX64: 100 | AY64: 100 | AZ64: 100 | BA64: 100 | BB64: 100 | BC64: 100 | BD64: 100 | BE64: 100 | BF64: 100 | BG64: 100 | BH64: 100 | BI64: 100 | BJ64: 100 | BK64: 100 | BL64: 100 | BM64: 100 | BN64: 100 | BO64: 100 | BP64: 100 | BQ64: 100 | BS64: =VLOOKUP(B64, Metadata!A:B, 2, FALSE) -> Europe & Central Asia
A65: Dominican Republic | B65: DOM | C65: Access to electricity (% of population) | D65: EG.ELC.ACCS.ZS | AJ65: 78.2 | AK65: 82.485405 | AL65: 83.255493 | AM65: 84.024223 | AN65: 84.790909 | AO65: 85.554878 | AP65: 86.315445 | AQ65: 87.071938 | AR65: 91 | AS65: 88.8 | AT65: 89.8 | AU65: 89.7 | AV65: 89.2 | AW65: 90.3 | AX65: 90.1 | AY65: 90.1 | AZ65: 96.9 | BA65: 97.6 | BB65: 97.9 | BC65: 98.1 | BD65: 97.9 | BE65: 97.9 | BF65: 98.4 | BG65: 98.5 | BH65: 98.6 | BI65: 98.9 | BJ65: 100 | BK65: 98.9 | BL65: 99 | BM65: 100 | BN65: 98.1 | BO65: 98.1 | BP65: 99.6 | BQ65: 99.5 | BS65: =VLOOKUP(B65, Metadata!A:B, 2, FALSE) -> Latin America & Caribbean
A66: Algeria | B66: DZA | C66: Access to electricity (% of population) | D66: EG.ELC.ACCS.ZS | AS66: 98.6 | AT66: 98.6 | AU66: 98.6 | AV66: 98.6 | AW66: 98.6 | AX66: 98.6 | AY66: 98.7 | AZ66: 98.7 | BA66: 99.3 | BB66: 98.8 | BC66: 98.9 | BD66: 99 | BE66: 98.8 | BF66: 99.2 | BG66: 99.3 | BH66: 99.4 | BI66: 99.4 | BJ66: 99.5 | BK66: 99.6 | BL66: 99.5 | BM66: 99.7 | BN66: 99.8 | BO66: 100 | BP66: 100 | BQ66: 100 | BS66: =VLOOKUP(B66, Metadata!A:B, 2, FALSE) -> Middle East & North Africa
A67: East Asia & Pacific (excluding high income) | B67: EAP | C67: Access to electricity (% of population) | D67: EG.ELC.ACCS.ZS | AS67: 91.138144 | AT67: 91.679807 | AU67: 92.153273 | AV67: 92.378048 | AW67: 93.266068 | AX67: 92.8453 | AY67: 94.041456 | AZ67: 94.051389 | BA67: 94.671931 | BB67: 94.427634 | BC67: 95.055371 | BD67: 95.581682 | BE67: 95.795165 | BF67: 96.092854 | BG67: 96.274099 | BH67: 96.621825 | BI67: 96.716534 | BJ67: 97.445307 | BK67: 97.412383 | BL67: 97.637196 | BM67: 97.565185 | BN67: 97.959921 | BO67: 98.029657 | BP67: 98.237638 | BQ67: 98.4093 | BS67: =VLOOKUP(B67, Metadata!A:B, 2, FALSE)
A68: Early-demographic dividend | B68: EAR | C68: Access to electricity (% of population) | D68: EG.ELC.ACCS.ZS | AL68: 55.608975 | AM68: 56.371327 | AN68: 58.132648 | AO68: 59.87059 | AP68: 61.837906 | AQ68: 63.393011 | AR68: 66.085664 | AS68: 67.500465 | AT68: 68.257774 | AU68: 69.151334 | AV68: 70.882407 | AW68: 71.11142 | AX68: 72.749961 | AY68: 73.799983 | AZ68: 75.655038 | BA68: 77.40078 | BB68: 78.28842 | BC68: 79.390067 | BD68: 81.149983 | BE68: 82.052463 | BF68: 83.799313 | BG68: 84.752009 | BH68: 86.827154 | BI68: 88.349448 | BJ68: 90.508673 | BK68: 91.992711 | BL68: 92.789533 | BM68: 93.455264 | BN68: 95.242334 | BO68: 95.144528 | BP68: 95.704438 | BQ68: 96.090595 | BS68: =VLOOKUP(B68, Metadata!A:B, 2, FALSE)
A69: East Asia & Pacific | B69: EAS | C69: Access to electricity (% of population) | D69: EG.ELC.ACCS.ZS | AS69: 92.061814 | AT69: 92.543798 | AU69: 92.964856 | AV69: 93.162958 | AW69: 93.956321 | AX69: 93.575146 | AY69: 94.647158 | AZ69: 94.65454 | BA69: 95.211084 | BB69: 94.983328 | BC69: 95.546832 | BD69: 96.018947 | BE69: 96.209246 | BF69: 96.475647 | BG69: 96.63756 | BH69: 96.95006 | BI69: 97.034397 | BJ69: 97.691536 | BK69: 97.660964 | BL69: 97.863584 | BM69: 97.797604 | BN69: 98.153405 | BO69: 98.215975 | BP69: 98.404462 | BQ69: 98.559795 | BS69: =VLOOKUP(B69, Metadata!A:B, 2, FALSE)
A70: Europe & Central Asia (excluding high income) | B70: ECA | C70: Access to electricity (% of population) | D70: EG.ELC.ACCS.ZS | AS70: 99.00037 | AT70: 99.070524 | AU70: 99.150017 | AV70: 99.148492 | AW70: 99.135525 | AX70: 99.259457 | AY70: 99.219308 | AZ70: 99.338991 | BA70: 99.377607 | BB70: 99.448562 | BC70: 99.608622 | BD70: 99.617475 | BE70: 99.694632 | BF70: 99.728653 | BG70: 99.784772 | BH70: 99.767659 | BI70: 99.86596 | BJ70: 99.918293 | BK70: 99.942071 | BL70: 99.965774 | BM70: 99.97743 | BN70: 99.961646 | BO70: 99.991588 | BP70: 100 | BQ70: 99.995743 | BS70: =VLOOKUP(B70, Metadata!A:B, 2, FALSE)
A71: Europe & Central Asia | B71: ECS | C71: Access to electricity (% of population) | D71: EG.ELC.ACCS.ZS | AI71: 100 | AJ71: 100 | AK71: 100 | AL71: 100 | AM71: 100 | AN71: 99.997755 | AO71: 99.970593 | AP71: 99.964585 | AQ71: 99.966777 | AR71: 99.869353 | AS71: 99.115307 | AT71: 99.165551 | AU71: 99.203942 | AV71: 99.213033 | AW71: 99.239007 | AX71: 99.2799 | AY71: 99.301359 | AZ71: 99.36308 | BA71: 99.408096 | BB71: 99.466169 | BC71: 99.665443 | BD71: 99.663903 | BE71: 99.828192 | BF71: 99.849521 | BG71: 99.876137 | BH71: 99.167779 | BI71: 99.82899 | BJ71: 99.964149 | BK71: 99.970775 | BL71: 99.953452 | BM71: 99.976027 | BN71: 99.988193 | BO71: 99.997732 | BP71: 100 | BQ71: 99.998857 | BS71: =VLOOKUP(B71, Metadata!A:B, 2, FALSE)
A72: Ecuador | B72: ECU | C72: Access to electricity (% of population) | D72: EG.ELC.ACCS.ZS | AN72: 89.830167 | AO72: 92.051376 | AP72: 92.429817 | AQ72: 92.726642 | AR72: 93.071434 | AS72: 93.7 | AT72: 94 | AU72: 94.2 | AV72: 95 | AW72: 94.8 | AX72: 95.8 | AY72: 96.3 | AZ72: 96.8 | BA72: 97.2 | BB72: 96.5 | BC72: 97.5 | BD72: 96.9 | BE72: 97.2 | BF72: 98 | BG72: 99 | BH72: 98.8 | BI72: 98.7 | BJ72: 99.2 | BK72: 98.7 | BL72: 99.1 | BM72: 98.8 | BN72: 100 | BO72: 100 | BP72: 98.7 | BQ72: 98.5 | BS72: =VLOOKUP(B72, Metadata!A:B, 2, FALSE) -> Latin America & Caribbean
A73: Egypt, Arab Rep. | B73: EGY | C73: Access to electricity (% of population) | D73: EG.ELC.ACCS.ZS | AK73: 93.4 | AL73: 95.392242 | AM73: 95.648537 | AN73: 95.5 | AO73: 96.154327 | AP73: 96.402466 | AQ73: 96.646523 | AR73: 96.885735 | AS73: 97.7 | AT73: 97.4 | AU73: 97.5 | AV73: 98.8 | AW73: 97.8 | AX73: 99.4 | AY73: 99 | AZ73: 98.4 | BA73: 99.8 | BB73: 98.9 | BC73: 99.4 | BD73: 99.4 | BE73: 99.7 | BF73: 99.9 | BG73: 99.8 | BH73: 99.3 | BI73: 100 | BJ73: 100 | BK73: 100 | BL73: 100 | BM73: 100 | BN73: 100 | BO73: 100 | BP73: 100 | BQ73: 100 | BS73: =VLOOKUP(B73, Metadata!A:B, 2, FALSE) -> Middle East & North Africa
A74: Euro area | B74: EMU | C74: Access to electricity (% of population) | D74: EG.ELC.ACCS.ZS | AI74: 100 | AJ74: 100 | AK74: 100 | AL74: 100 | AM74: 100 | AN74: 100 | AO74: 100 | AP74: 100 | AQ74: 100 | AR74: 100 | AS74: 99.702924 | AT74: 99.721464 | AU74: 99.738474 | AV74: 99.753388 | AW74: 99.765982 | AX74: 99.778579 | AY74: 99.792662 | AZ74: 99.808347 | BA74: 99.826061 | BB74: 99.843383 | BC74: 99.858151 | BD74: 99.871517 | BE74: 99.888862 | BF74: 99.90352 | BG74: 99.916973 | BH74: 99.932185 | BI74: 99.946972 | BJ74: 99.963236 | BK74: 99.975237 | BL74: 99.985009 | BM74: 99.994441 | BN74: 99.996321 | BO74: 100 | BP74: 100 | BQ74: 100 | BS74: =VLOOKUP(B74, Metadata!A:B, 2, FALSE)
A75: Eritrea | B75: ERI | C75: Access to electricity (% of population) | D75: EG.ELC.ACCS.ZS | AN75: 22.9 | AO75: 24.755447 | AP75: 25.874611 | AQ75: 26.989695 | AR75: 28.099936 | AS75: 29.3 | AT75: 30.3 | AU75: 32.2 | AV75: 32.4 | AW75: 33.4 | AX75: 34.5 | AY75: 35.6 | AZ75: 36.7 | BA75: 37.8 | BB75: 38.9 | BC75: 40.1 | BD75: 41.2 | BE75: 42.3 | BF75: 43.5 | BG75: 44.6 | BH75: 45.8 | BI75: 46.9 | BJ75: 48 | BK75: 49.1 | BL75: 50.3 | BM75: 51.4 | BN75: 52.5 | BO75: 55.4 | BP75: 54.4 | BQ75: 55.3 | BS75: =VLOOKUP(B75, Metadata!A:B, 2, FALSE) -> Sub-Saharan Africa | BT75: =VLOOKUP(B71,Population!A:B,2,FALSE)*(1-BP71/100) -> 0
A76: Spain | B76: ESP | C76: Access to electricity (% of population) | D76: EG.ELC.ACCS.ZS | AI76: 100 | AJ76: 100 | AK76: 100 | AL76: 100 | AM76: 100 | AN76: 100 | AO76: 100 | AP76: 100 | AQ76: 100 | AR76: 100 | AS76: 100 | AT76: 100 | AU76: 100 | AV76: 100 | AW76: 100 | AX76: 100 | AY76: 100 | AZ76: 100 | BA76: 100 | BB76: 100 | BC76: 100 | BD76: 100 | BE76: 100 | BF76: 100 | BG76: 100 | BH76: 100 | BI76: 100 | BJ76: 100 | BK76: 100 | BL76: 100 | BM76: 100 | BN76: 100 | BO76: 100 | BP76: 100 | BQ76: 100 | BS76: =VLOOKUP(B76, Metadata!A:B, 2, FALSE) -> Europe & Central Asia
A77: Estonia | B77: EST | C77: Access to electricity (% of population) | D77: EG.ELC.ACCS.ZS | AI77: 100 | AJ77: 100 | AK77: 100 | AL77: 100 | AM77: 100 | AN77: 100 | AO77: 100 | AP77: 100 | AQ77: 100 | AR77: 100 | AS77: 100 | AT77: 100 | AU77: 100 | AV77: 100 | AW77: 100 | AX77: 100 | AY77: 100 | AZ77: 100 | BA77: 100 | BB77: 100 | BC77: 100 | BD77: 100 | BE77: 100 | BF77: 100 | BG77: 100 | BH77: 100 | BI77: 100 | BJ77: 100 | BK77: 100 | BL77: 100 | BM77: 100 | BN77: 100 | BO77: 100 | BP77: 100 | BQ77: 100 | BS77: =VLOOKUP(B77, Metadata!A:B, 2, FALSE) -> Europe & Central Asia
A78: Ethiopia | B78: ETH | C78: Access to electricity (% of population) | D78: EG.ELC.ACCS.ZS | AS78: 12.7 | AT78: 10.2 | AU78: 11.9 | AV78: 13.5 | AW78: 15.2 | AX78: 14 | AY78: 18.6 | AZ78: 20.3 | BA78: 22 | BB78: 23.7 | BC78: 25.5 | BD78: 23 | BE78: 29 | BF78: 30.8 | BG78: 27.2 | BH78: 29 | BI78: 42.9 | BJ78: 44.3 | BK78: 44.8 | BL78: 48 | BM78: 51.1 | BN78: 54.2 | BO78: 55 | BP78: 55.4 | BQ78: 56.6 | BS78: =VLOOKUP(B78, Metadata!A:B, 2, FALSE) -> Sub-Saharan Africa | BT78: =VLOOKUP(B74,Population!A:B,2,FALSE)*(1-BP74/100) -> 0
A79: European Union | B79: EUU | C79: Access to electricity (% of population) | D79: EG.ELC.ACCS.ZS | AI79: 100 | AJ79: 100 | AK79: 100 | AL79: 100 | AM79: 100 | AN79: 100 | AO79: 100 | AP79: 100 | AQ79: 100 | AR79: 100 | AS79: 99.47619 | AT79: 99.505044 | AU79: 99.538716 | AV79: 99.553991 | AW79: 99.575825 | AX79: 99.591371 | AY79: 99.61884 | AZ79: 99.646408 | BA79: 99.68253 | BB79: 99.729008 | BC79: 99.755397 | BD79: 99.780118 | BE79: 99.812589 | BF79: 99.838117 | BG79: 99.862603 | BH79: 99.892912 | BI79: 99.918264 | BJ79: 99.970972 | BK79: 99.97171 | BL79: 99.988156 | BM79: 99.995602 | BN79: 99.997083 | BO79: 100 | BP79: 100 | BQ79: 100 | BS79: =VLOOKUP(B79, Metadata!A:B, 2, FALSE)
A80: Finland | B80: FIN | C80: Access to electricity (% of population) | D80: EG.ELC.ACCS.ZS | AI80: 100 | AJ80: 100 | AK80: 100 | AL80: 100 | AM80: 100 | AN80: 100 | AO80: 100 | AP80: 100 | AQ80: 100 | AR80: 100 | AS80: 100 | AT80: 100 | AU80: 100 | AV80: 100 | AW80: 100 | AX80: 100 | AY80: 100 | AZ80: 100 | BA80: 100 | BB80: 100 | BC80: 100 | BD80: 100 | BE80: 100 | BF80: 100 | BG80: 100 | BH80: 100 | BI80: 100 | BJ80: 100 | BK80: 100 | BL80: 100 | BM80: 100 | BN80: 100 | BO80: 100 | BP80: 100 | BQ80: 100 | BS80: =VLOOKUP(B80, Metadata!A:B, 2, FALSE) -> Europe & Central Asia
A81: Fiji | B81: FJI | C81: Access to electricity (% of population) | D81: EG.ELC.ACCS.ZS | AO81: 66.9 | AP81: 71.771515 | AQ81: 73.089584 | AR81: 74.402817 | AS81: 76.8 | AT81: 77.7 | AU81: 79.6 | AV81: 80 | AW81: 80.6 | AX81: 81.6 | AY81: 82.6 | AZ81: 88.9 | BA81: 86.2 | BB81: 85.6 | BC81: 92.4 | BD81: 92.5 | BE81: 92.6 | BF81: 91.8 | BG81: 93 | BH81: 93.2 | BI81: 93.4 | BJ81: 96 | BK81: 95.1 | BL81: 96.1 | BM81: 97.1 | BN81: 92.1 | BO81: 92 | BP81: 99.3 | BQ81: 95.9 | BS81: =VLOOKUP(B81, Metadata!A:B, 2, FALSE) -> East Asia & Pacific
A82: France | B82: FRA | C82: Access to electricity (% of population) | D82: EG.ELC.ACCS.ZS | AI82: 100 | AJ82: 100 | AK82: 100 | AL82: 100 | AM82: 100 | AN82: 100 | AO82: 100 | AP82: 100 | AQ82: 100 | AR82: 100 | AS82: 100 | AT82: 100 | AU82: 100 | AV82: 100 | AW82: 100 | AX82: 100 | AY82: 100 | AZ82: 100 | BA82: 100 | BB82: 100 | BC82: 100 | BD82: 100 | BE82: 100 | BF82: 100 | BG82: 100 | BH82: 100 | BI82: 100 | BJ82: 100 | BK82: 100 | BL82: 100 | BM82: 100 | BN82: 100 | BO82: 100 | BP82: 100 | BQ82: 100 | BS82: =VLOOKUP(B82, Metadata!A:B, 2, FALSE) -> Europe & Central Asia
A83: Faroe Islands | B83: FRO | C83: Access to electricity (% of population) | D83: EG.ELC.ACCS.ZS | AI83: 100 | AJ83: 100 | AK83: 100 | AL83: 100 | AM83: 100 | AN83: 100 | AO83: 100 | AP83: 100 | AQ83: 100 | AR83: 100 | AS83: 100 | AT83: 100 | AU83: 100 | AV83: 100 | AW83: 100 | AX83: 100 | AY83: 100 | AZ83: 100 | BA83: 100 | BB83: 100 | BC83: 100 | BD83: 100 | BE83: 100 | BF83: 100 | BG83: 100 | BH83: 100 | BI83: 100 | BJ83: 100 | BK83: 100 | BL83: 100 | BM83: 100 | BN83: 100 | BO83: 100 | BP83: 100 | BQ83: 100 | BS83: =VLOOKUP(B83, Metadata!A:B, 2, FALSE) -> Europe & Central Asia
A84: Micronesia, Fed. Sts. | B84: FSM | C84: Access to electricity (% of population) | D84: EG.ELC.ACCS.ZS | AS84: 46 | AT84: 48.4 | AU84: 50.1 | AV84: 51.8 | AW84: 53.5 | AX84: 55.2 | AY84: 57 | AZ84: 58.7 | BA84: 60.5 | BB84: 62.2 | BC84: 64.5 | BD84: 66.3 | BE84: 67.8 | BF84: 69.4 | BG84: 71.2 | BH84: 73 | BI84: 74.8 | BJ84: 76.5 | BK84: 78.3 | BL84: 80.1 | BM84: 81.9 | BN84: 83.6 | BO84: 85.3 | BP84: 86.9 | BQ84: 88.9 | BS84: =VLOOKUP(B84, Metadata!A:B, 2, FALSE) -> East Asia & Pacific
A85: Gabon | B85: GAB | C85: Access to electricity (% of population) | D85: EG.ELC.ACCS.ZS | AS85: 73.6 | AT85: 77.2 | AU85: 77.8 | AV85: 78.5 | AW85: 79.2 | AX85: 81.6 | AY85: 80.5 | AZ85: 81.3 | BA85: 82 | BB85: 82.7 | BC85: 89.3 | BD85: 88.7 | BE85: 89.3 | BF85: 86.4 | BG85: 87.1 | BH85: 87.3 | BI85: 88.1 | BJ85: 86.3 | BK85: 89.6 | BL85: 90.3 | BM85: 91.1 | BN85: 91.8 | BO85: 93.5 | BP85: 94.1 | BQ85: 95.1 | BS85: =VLOOKUP(B85, Metadata!A:B, 2, FALSE) -> Sub-Saharan Africa | BT85: =VLOOKUP(B81,Population!A:B,2,FALSE)*(1-BP81/100) -> 6469.015
A86: United Kingdom | B86: GBR | C86: Access to electricity (% of population) | D86: EG.ELC.ACCS.ZS | AI86: 100 | AJ86: 100 | AK86: 100 | AL86: 100 | AM86: 100 | AN86: 100 | AO86: 100 | AP86: 100 | AQ86: 100 | AR86: 100 | AS86: 100 | AT86: 100 | AU86: 100 | AV86: 100 | AW86: 100 | AX86: 100 | AY86: 100 | AZ86: 100 | BA86: 100 | BB86: 100 | BC86: 100 | BD86: 100 | BE86: 100 | BF86: 100 | BG86: 100 | BH86: 100 | BI86: 100 | BJ86: 100 | BK86: 100 | BL86: 100 | BM86: 100 | BN86: 100 | BO86: 100 | BP86: 100 | BQ86: 100 | BS86: =VLOOKUP(B86, Metadata!A:B, 2, FALSE) -> Europe & Central Asia
A87: Georgia | B87: GEO | C87: Access to electricity (% of population) | D87: EG.ELC.ACCS.ZS | AS87: 99.8 | AT87: 99.8 | AU87: 99.9 | AV87: 100 | AW87: 99.9 | AX87: 97.9 | AY87: 100 | AZ87: 100 | BA87: 100 | BB87: 100 | BC87: 100 | BD87: 100 | BE87: 100 | BF87: 100 | BG87: 100 | BH87: 100 | BI87: 100 | BJ87: 100 | BK87: 99.9 | BL87: 100 | BM87: 100 | BN87: 100 | BO87: 100 | BP87: 100 | BQ87: 100 | BS87: =VLOOKUP(B87, Metadata!A:B, 2, FALSE) -> Europe & Central Asia
A88: Ghana | B88: GHA | C88: Access to electricity (% of population) | D88: EG.ELC.ACCS.ZS | AL88: 30.6 | AM88: 30.369406 | AN88: 32.450451 | AO88: 34.52877 | AP88: 36.603695 | AQ88: 42.6 | AR88: 40.74054 | AS88: 43.7 | AT88: 44.8 | AU88: 46.8 | AV88: 48.3 | AW88: 50.8 | AX88: 41.2 | AY88: 55.1 | AZ88: 56.9 | BA88: 60.5 | BB88: 61.1 | BC88: 64.2 | BD88: 64.1 | BE88: 56.5 | BF88: 70.7 | BG88: 78.3 | BH88: 74 | BI88: 79.3 | BJ88: 79 | BK88: 80.4 | BL88: 83.5 | BM88: 85.4 | BN88: 86.3 | BO88: 85.1 | BP88: 89.5 | BQ88: 91.9 | BS88: =VLOOKUP(B88, Metadata!A:B, 2, FALSE) -> Sub-Saharan Africa | BT88: =VLOOKUP(B84,Population!A:B,2,FALSE)*(1-BP84/100) -> 14754.53
A89: Gibraltar | B89: GIB | C89: Access to electricity (% of population) | D89: EG.ELC.ACCS.ZS | AI89: 100 | AJ89: 100 | AK89: 100 | AL89: 100 | AM89: 100 | AN89: 100 | AO89: 100 | AP89: 100 | AQ89: 100 | AR89: 100 | AS89: 99.9 | AT89: 99.9 | AU89: 99.8 | AV89: 99.8 | AW89: 99.7 | AX89: 99.7 | AY89: 99.7 | AZ89: 99.7 | BA89: 99.7 | BB89: 100 | BC89: 100 | BD89: 99.8 | BE89: 99.9 | BF89: 99.9 | BG89: 99.9 | BH89: 100 | BI89: 100 | BJ89: 100 | BK89: 100 | BL89: 100 | BM89: 100 | BN89: 100 | BO89: 100 | BP89: 100 | BQ89: 100 | BS89: =VLOOKUP(B89, Metadata!A:B, 2, FALSE) -> Europe & Central Asia
A90: Guinea | B90: GIN | C90: Access to electricity (% of population) | D90: EG.ELC.ACCS.ZS | AR90: 16.4 | AS90: 15.2 | AT90: 16.4 | AU90: 17.7 | AV90: 18.9 | AW90: 20.2 | AX90: 20.2 | AY90: 22.8 | AZ90: 24.1 | BA90: 25.4 | BB90: 26.7 | BC90: 28.1 | BD90: 29.5 | BE90: 26.2 | BF90: 32.2 | BG90: 33.5 | BH90: 34.9 | BI90: 33.5 | BJ90: 35.4 | BK90: 45 | BL90: 42.2 | BM90: 44.7 | BN90: 46.8 | BO90: 47.7 | BP90: 51.1 | BQ90: 53.8 | BS90: =VLOOKUP(B90, Metadata!A:B, 2, FALSE) -> Sub-Saharan Africa | BT90: =VLOOKUP(B86,Population!A:B,2,FALSE)*(1-BP86/100) -> 0
A91: Gambia, The | B91: GMB | C91: Access to electricity (% of population) | D91: EG.ELC.ACCS.ZS | AL91: 17.7 | AM91: 18.25005 | AN91: 19.921444 | AO91: 21.590118 | AP91: 23.255392 | AQ91: 24.916588 | AR91: 26.572941 | AS91: 34.3 | AT91: 29.9 | AU91: 31.5 | AV91: 27.8 | AW91: 34.8 | AX91: 30.5 | AY91: 38.1 | AZ91: 39.8 | BA91: 41.5 | BB91: 43.2 | BC91: 46.8 | BD91: 48.3 | BE91: 49.9 | BF91: 51.5 | BG91: 53 | BH91: 54.7 | BI91: 56.4 | BJ91: 56.2 | BK91: 60.3 | BL91: 62.1 | BM91: 62.2 | BN91: 63.7 | BO91: 65.4 | BP91: 66.9 | BQ91: 69 | BS91: =VLOOKUP(B91, Metadata!A:B, 2, FALSE) -> Sub-Saharan Africa | BT91: =VLOOKUP(B87,Population!A:B,2,FALSE)*(1-BP87/100) -> 0
A92: Guinea-Bissau | B92: GNB | C92: Access to electricity (% of population) | D92: EG.ELC.ACCS.ZS | AU92: 1.3 | AV92: 2.6 | AW92: 3.9 | AX92: 5.2 | AY92: 14.5 | AZ92: 7.9 | BA92: 9.3 | BB92: 4.7 | BC92: 6 | BD92: 13.5 | BE92: 14.9 | BF92: 16.3 | BG92: 17.2 | BH92: 20.1 | BI92: 22.9 | BJ92: 26 | BK92: 28.4 | BL92: 30.9 | BM92: 33.4 | BN92: 35.8 | BO92: 37.4 | BP92: 40.5 | BQ92: 43.7 | BS92: =VLOOKUP(B92, Metadata!A:B, 2, FALSE) -> Sub-Saharan Africa | BT92: =VLOOKUP(B88,Population!A:B,2,FALSE)*(1-BP88/100) -> 3547731
A93: Equatorial Guinea | B93: GNQ | C93: Access to electricity (% of population) | D93: EG.ELC.ACCS.ZS | AS93: 64.8 | AT93: 64.9 | AU93: 64.9 | AV93: 64.9 | AW93: 64.9 | AX93: 65 | AY93: 65.1 | AZ93: 65.1 | BA93: 65.2 | BB93: 65.4 | BC93: 66.1 | BD93: 66.1 | BE93: 65.7 | BF93: 65.9 | BG93: 66 | BH93: 66.1 | BI93: 66.2 | BJ93: 66.4 | BK93: 66.5 | BL93: 66.6 | BM93: 66.7 | BN93: 66.8 | BO93: 67 | BP93: 66.9 | BQ93: 65.1 | BS93: =VLOOKUP(B93, Metadata!A:B, 2, FALSE) -> Sub-Saharan Africa | BT93: =VLOOKUP(B89,Population!A:B,2,FALSE)*(1-BP89/100) -> 0
A94: Greece | B94: GRC | C94: Access to electricity (% of population) | D94: EG.ELC.ACCS.ZS | AI94: 100 | AJ94: 100 | AK94: 100 | AL94: 100 | AM94: 100 | AN94: 100 | AO94: 100 | AP94: 100 | AQ94: 100 | AR94: 100 | AS94: 100 | AT94: 100 | AU94: 100 | AV94: 100 | AW94: 100 | AX94: 100 | AY94: 100 | AZ94: 100 | BA94: 100 | BB94: 100 | BC94: 100 | BD94: 100 | BE94: 100 | BF94: 100 | BG94: 100 | BH94: 100 | BI94: 100 | BJ94: 100 | BK94: 100 | BL94: 100 | BM94: 100 | BN94: 100 | BO94: 100 | BP94: 100 | BQ94: 100 | BS94: =VLOOKUP(B94, Metadata!A:B, 2, FALSE) -> Europe & Central Asia
A95: Grenada | B95: GRD | C95: Access to electricity (% of population) | D95: EG.ELC.ACCS.ZS | AQ95: 85.04 | AR95: 85.529465 | AS95: 86 | AT95: 86.3 | AU95: 86.6 | AV95: 86.9 | AW95: 87.2 | AX95: 87.5 | AY95: 87.9 | AZ95: 88.2 | BA95: 90 | BB95: 89 | BC95: 89.4 | BD95: 88.8 | BE95: 90.2 | BF95: 90.6 | BG95: 91 | BH95: 91.4 | BI95: 91.8 | BJ95: 92.2 | BK95: 92.3 | BL95: 93 | BM95: 93.4 | BN95: 93.7 | BO95: 94.2 | BP95: 94.4 | BQ95: 95.6 | BS95: =VLOOKUP(B95, Metadata!A:B, 2, FALSE) -> Latin America & Caribbean
A96: Greenland | B96: GRL | C96: Access to electricity (% of population) | D96: EG.ELC.ACCS.ZS | AI96: 100 | AJ96: 100 | AK96: 100 | AL96: 100 | AM96: 100 | AN96: 100 | AO96: 100 | AP96: 100 | AQ96: 100 | AR96: 100 | AS96: 100 | AT96: 100 | AU96: 100 | AV96: 100 | AW96: 100 | AX96: 100 | AY96: 100 | AZ96: 100 | BA96: 100 | BB96: 100 | BC96: 100 | BD96: 100 | BE96: 100 | BF96: 100 | BG96: 100 | BH96: 100 | BI96: 100 | BJ96: 100 | BK96: 100 | BL96: 100 | BM96: 100 | BN96: 100 | BO96: 100 | BP96: 100 | BQ96: 100 | BS96: =VLOOKUP(B96, Metadata!A:B, 2, FALSE) -> Europe & Central Asia
A97: Guatemala | B97: GTM | C97: Access to electricity (% of population) | D97: EG.ELC.ACCS.ZS | AN97: 60.8 | AO97: 67.679939 | AP97: 68.904076 | AQ97: 70.12413 | AR97: 70.9 | AS97: 73.3 | AT97: 73.7 | AU97: 78.7 | AV97: 78.5 | AW97: 77.2 | AX97: 78.3 | AY97: 83.7 | AZ97: 80.7 | BA97: 81.9 | BB97: 83.1 | BC97: 84.3 | BD97: 84 | BE97: 86.8 | BF97: 88.1 | BG97: 85.5 | BH97: 90.5 | BI97: 91.8 | BJ97: 93.3 | BK97: 94.2 | BL97: 95.4 | BM97: 96.6 | BN97: 97.9 | BO97: 99.1 | BP97: 100 | BQ97: 90.9 | BS97: =VLOOKUP(B97, Metadata!A:B, 2, FALSE) -> Latin America & Caribbean
A98: Guam | B98: GUM | C98: Access to electricity (% of population) | D98: EG.ELC.ACCS.ZS | AI98: 99.844307 | AJ98: 99.875816 | AK98: 99.906868 | AL98: 99.937256 | AM98: 99.96508 | AN98: 100 | AO98: 100 | AP98: 100 | AQ98: 100 | AR98: 100 | AS98: 100 | AT98: 100 | AU98: 100 | AV98: 100 | AW98: 100 | AX98: 100 | AY98: 100 | AZ98: 100 | BA98: 100 | BB98: 100 | BC98: 100 | BD98: 100 | BE98: 100 | BF98: 100 | BG98: 100 | BH98: 100 | BI98: 100 | BJ98: 100 | BK98: 100 | BL98: 100 | BM98: 100 | BN98: 100 | BO98: 100 | BP98: 100 | BQ98: 100 | BS98: =VLOOKUP(B98, Metadata!A:B, 2, FALSE) -> East Asia & Pacific
A99: Guyana | B99: GUY | C99: Access to electricity (% of population) | D99: EG.ELC.ACCS.ZS | AL99: 72.376631 | AM99: 70.713982 | AN99: 71.351982 | AO99: 71.987267 | AP99: 72.619156 | AQ99: 73.246956 | AR99: 73.869919 | AS99: 74.6 | AT99: 75.1 | AU99: 75.7 | AV99: 76.2 | AW99: 76.8 | AX99: 77.5 | AY99: 73.4 | AZ99: 78.5 | BA99: 79.1 | BB99: 77.6 | BC99: 83.3 | BD99: 84.2 | BE99: 85.1 | BF99: 86 | BG99: 86.9 | BH99: 88 | BI99: 89 | BJ99: 90 | BK99: 90.9 | BL99: 91.6 | BM99: 92.3 | BN99: 92.9 | BO99: 93 | BP99: 98.9 | BQ99: 93 | BS99: =VLOOKUP(B99, Metadata!A:B, 2, FALSE) -> Latin America & Caribbean
A100: High income | B100: HIC | C100: Access to electricity (% of population) | D100: EG.ELC.ACCS.ZS | AI100: 99.841049 | AJ100: 99.877138 | AK100: 99.866216 | AL100: 99.859191 | AM100: 99.862329 | AN100: 99.86734 | AO100: 99.864554 | AP100: 99.876442 | AQ100: 99.890739 | AR100: 99.885754 | AS100: 99.441643 | AT100: 99.466443 | AU100: 99.486329 | AV100: 99.528425 | AW100: 99.523189 | AX100: 99.533233 | AY100: 99.584424 | AZ100: 99.594446 | BA100: 99.625105 | BB100: 99.672437 | BC100: 99.781573 | BD100: 99.784428 | BE100: 99.895145 | BF100: 99.898738 | BG100: 99.917207 | BH100: 99.441256 | BI100: 99.87494 | BJ100: 99.959722 | BK100: 99.962644 | BL100: 99.94961 | BM100: 99.968306 | BN100: 99.979891 | BO100: 99.9798 | BP100: 99.9884 | BQ100: 99.967966 | BS100: =VLOOKUP(B100, Metadata!A:B, 2, FALSE)
A101: Hong Kong SAR, China | B101: HKG | C101: Access to electricity (% of population) | D101: EG.ELC.ACCS.ZS | AI101: 100 | AJ101: 100 | AK101: 100 | AL101: 100 | AM101: 100 | AN101: 100 | AO101: 100 | AP101: 100 | AQ101: 100 | AR101: 100 | AS101: 100 | AT101: 100 | AU101: 100 | AV101: 100 | AW101: 100 | AX101: 100 | AY101: 100 | AZ101: 100 | BA101: 100 | BB101: 100 | BC101: 100 | BD101: 100 | BE101: 100 | BF101: 100 | BG101: 100 | BH101: 100 | BI101: 100 | BJ101: 100 | BK101: 100 | BL101: 100 | BM101: 100 | BN101: 100 | BO101: 100 | BP101: 100 | BQ101: 100 | BS101: =VLOOKUP(B101, Metadata!A:B, 2, FALSE) -> East Asia & Pacific
A102: Honduras | B102: HND | C102: Access to electricity (% of population) | D102: EG.ELC.ACCS.ZS | AJ102: 54.781937 | AK102: 58.913112 | AL102: 61.100156 | AM102: 64.733947 | AN102: 66.122022 | AO102: 61.68112 | AP102: 64.794754 | AQ102: 66.859519 | AR102: 67.394103 | AS102: 67.4 | AT102: 64.2 | AU102: 63.1 | AV102: 65.1 | AW102: 67.1 | AX102: 68.9 | AY102: 71.3 | AZ102: 73.5 | BA102: 76.4 | BB102: 78.3 | BC102: 81 | BD102: 82.2 | BE102: 83.6 | BF102: 87.2 | BG102: 88.7 | BH102: 90 | BI102: 91.6 | BJ102: 86.5 | BK102: 91.6 | BL102: 91.1 | BM102: 93.1 | BN102: 94.1 | BO102: 94.4 | BP102: 95.6 | BQ102: 95.5 | BS102: =VLOOKUP(B102, Metadata!A:B, 2, FALSE) -> Latin America & Caribbean
...

Sheet Africa Analysis
A1: Madagascar | B1: MDG | C1: Access to electricity (% of population) | D1: EG.ELC.ACCS.ZS | E1: 39.4 | F1: Sub-Saharan Africa | G1: =VLOOKUP(B1,Population!A:B,2,FALSE)*(1-BP1/100) -> 31195932 | H1: =RANK(E2,E$2:E$49,1) -> 4 | I1: =RANK(G2,G$2:G$49,0) -> 20 | J1: =IFS(I2<=5,"High", I2<=15,"Moderate", TRUE,"Low") -> Low
A2: Chad | B2: TCD | C2: Access to electricity (% of population) | D2: EG.ELC.ACCS.ZS | E2: 12 | F2: Sub-Saharan Africa | G2: =VLOOKUP(B2,Population!A:B,2,FALSE)*(1-BP2/100) -> 19319064 | H2: =RANK(E3,E$2:E$49,1) -> 21 | I2: =RANK(G3,G$2:G$49,0) -> 32 | J2: =IFS(I3<=5,"High", I3<=15,"Moderate", TRUE,"Low") -> Low
A3: Eritrea | B3: ERI | C3: Access to electricity (% of population) | D3: EG.ELC.ACCS.ZS | E3: 54.4 | F3: Sub-Saharan Africa | G3: =VLOOKUP(B3,Population!A:B,2,FALSE)*(1-BP3/100) -> 3470390 | H3: =RANK(E4,E$2:E$49,1) -> 23 | I3: =RANK(G4,G$2:G$49,0) -> 16 | J3: =IFS(I4<=5,"High", I4<=15,"Moderate", TRUE,"Low") -> Low
A4: Mali | B4: MLI | C4: Access to electricity (% of population) | D4: EG.ELC.ACCS.ZS | E4: 54.5 | F4: Sub-Saharan Africa | G4: =VLOOKUP(B4,Population!A:B,2,FALSE)*(1-BP4/100) -> 23769127 | H4: =RANK(E5,E$2:E$49,1) -> 1 | I4: =RANK(G5,G$2:G$49,0) -> 27 | J4: =IFS(I5<=5,"High", I5<=15,"Moderate", TRUE,"Low") -> Low
A5: South Sudan | B5: SSD | C5: Access to electricity (% of population) | D5: EG.ELC.ACCS.ZS | E5: 5.4 | F5: Sub-Saharan Africa | G5: =VLOOKUP(B5,Population!A:B,2,FALSE)*(1-BP5/100) -> 11483374 | H5: =RANK(E6,E$2:E$49,1) -> 46 | I5: =RANK(G6,G$2:G$49,0) -> 41 | J5: =IFS(I6<=5,"High", I6<=15,"Moderate", TRUE,"Low") -> Moderate
A6: Mauritius | B6: MUS | C6: Access to electricity (% of population) | D6: EG.ELC.ACCS.ZS | E6: 100 | F6: Sub-Saharan Africa | G6: =VLOOKUP(B6,Population!A:B,2,FALSE)*(1-BP6/100) -> 1248647 | H6: =RANK(E7,E$2:E$49,1) -> 38 | I6: =RANK(G7,G$2:G$49,0) -> 6 | J6: =IFS(I7<=5,"High", I7<=15,"Moderate", TRUE,"Low") -> High
A7: Kenya | B7: KEN | C7: Access to electricity (% of population) | D7: EG.ELC.ACCS.ZS | E7: 76.2 | F7: Sub-Saharan Africa | G7: =VLOOKUP(B7,Population!A:B,2,FALSE)*(1-BP7/100) -> 55339003 | H7: =RANK(E8,E$2:E$49,1) -> 16 | I7: =RANK(G8,G$2:G$49,0) -> 5 | J7: =IFS(I8<=5,"High", I8<=15,"Moderate", TRUE,"Low") -> Low
A8: Tanzania | B8: TZA | C8: Access to electricity (% of population) | D8: EG.ELC.ACCS.ZS | E8: 48.3 | F8: Sub-Saharan Africa | G8: =VLOOKUP(B8,Population!A:B,2,FALSE)*(1-BP8/100) -> 66617606 | H8: =RANK(E9,E$2:E$49,1) -> 5 | I8: =RANK(G9,G$2:G$49,0) -> 19 | J8: =IFS(I9<=5,"High", I9<=15,"Moderate", TRUE,"Low") -> Low
A9: Malawi | B9: MWI | C9: Access to electricity (% of population) | D9: EG.ELC.ACCS.ZS | E9: 15.6 | F9: Sub-Saharan Africa | G9: =VLOOKUP(B9,Population!A:B,2,FALSE)*(1-BP9/100) -> 21104482 | H9: =RANK(E10,E$2:E$49,1) -> 44 | I9: =RANK(G10,G$2:G$49,0) -> 37 | J9: =IFS(I10<=5,"High", I10<=15,"Moderate", TRUE,"Low") -> Low
A10: Gabon | B10: GAB | C10: Access to electricity (% of population) | D10: EG.ELC.ACCS.ZS | E10: 94.1 | F10: Sub-Saharan Africa | G10: =VLOOKUP(B10,Population!A:B,2,FALSE)*(1-BP10/100) -> 2484789 | H10: =RANK(E11,E$2:E$49,1) -> 21 | I10: =RANK(G11,G$2:G$49,0) -> 32 | J10: =IFS(I11<=5,"High", I11<=15,"Moderate", TRUE,"Low") -> Low
A11: Eritrea | B11: ERI | C11: Access to electricity (% of population) | D11: EG.ELC.ACCS.ZS | E11: 54.4 | F11: Sub-Saharan Africa | G11: =VLOOKUP(B11,Population!A:B,2,FALSE)*(1-BP11/100) -> 3470390 | H11: =RANK(E12,E$2:E$49,1) -> 23 | I11: =RANK(G12,G$2:G$49,0) -> 16 | J11: =IFS(I12<=5,"High", I12<=15,"Moderate", TRUE,"Low") -> Low
A12: Mali | B12: MLI | C12: Access to electricity (% of population) | D12: EG.ELC.ACCS.ZS | E12: 54.5 | F12: Sub-Saharan Africa | G12: =VLOOKUP(B12,Population!A:B,2,FALSE)*(1-BP12/100) -> 23769127 | H12: =RANK(E13,E$2:E$49,1) -> 1 | I12: =RANK(G13,G$2:G$49,0) -> 27 | J12: =IFS(I13<=5,"High", I13<=15,"Moderate", TRUE,"Low") -> Moderate
... A26: Liberia | B26: LBR | C26: Access to electricity (% of population) | D26: EG.ELC.ACCS.ZS | E26: 32.5 | F26: Sub-Saharan Africa | G26: =VLOOKUP(B26,Population!A:B,2,FALSE)*(1-BP26/100) -> 5493031 | H26: =RANK(E27,E$2:E$49,1) -> 48 | I26: =RANK(G27,G$2:G$49,0) -> #VALUE! | J26: =IFS(I27<=5,"High", I27<=15,"Moderate", TRUE,"Low") -> High
A27: Country Name | B27: Country Code | C27: Indicator Name | D27: Indicator Code | E27: 2023 | F27: Region | G27: Pop without Electricity | H27: =RANK(E28,E$2:E$49,1) -> 28 | I27: =RANK(G28,G$2:G$49,0) -> 1 | J27: =IFS(I28<=5,"High", I28<=15,"Moderate", TRUE,"Low") -> Low
A28: Nigeria | B28: NGA | C28: Access to electricity (% of population) | D28: EG.ELC.ACCS.ZS | E28: 61.2 | F28: Sub-Saharan Africa | G28: =VLOOKUP(B28,Population!A:B,2,FALSE)*(1-BP28/100) -> 227882945 | H28: =RANK(E29,E$2:E$49,1) -> 36 | I28: =RANK(G29,G$2:G$49,0) -> 21 | J28: =IFS(I29<=5,"High", I29<=15,"Moderate", TRUE,"Low") -> Moderate
A29: Senegal | B29: SEN | C29: Access to electricity (% of population) | D29: EG.ELC.ACCS.ZS | E29: 74.2 | F29: Sub-Saharan Africa | G29: =VLOOKUP(B29,Population!A:B,2,FALSE)*(1-BP29/100) -> 18077573 | H29: =RANK(E30,E$2:E$49,1) -> 33 | I29: =RANK(G30,G$2:G$49,0) -> 14 | J29: =IFS(I30<=5,"High", I30<=15,"Moderate", TRUE,"Low") -> Low
A30: Cameroon | B30: CMR | C30: Access to electricity (% of population) | D30: EG.ELC.ACCS.ZS | E30: 72 | F30: Sub-Saharan Africa | G30: =VLOOKUP(B30,Population!A:B,2,FALSE)*(1-BP30/100) -> 28372687 | H30: =RANK(E31,E$2:E$49,1) -> 39 | I30: =RANK(G31,G$2:G$49,0) -> 46 | J30: =IFS(I31<=5,"High", I31<=15,"Moderate", TRUE,"Low") -> Low
A31: Sao Tome and Principe | B31: STP | C31: Access to electricity (% of population) | D31: EG.ELC.ACCS.ZS | E31: 81.3 | F31: Sub-Saharan Africa | G31: =VLOOKUP(B31,Population!A:B,2,FALSE)*(1-BP31/100) -> 230871 | H31: =RANK(E32,E$2:E$49,1) -> 30 | I31: =RANK(G32,G$2:G$49,0) -> 40 | J31: =IFS(I32<=5,"High", I32<=15,"Moderate", TRUE,"Low") -> Low
A32: Equatorial Guinea | B32: GNQ | C32: Access to electricity (% of population) | D32: EG.ELC.ACCS.ZS | E32: 66.9 | F32: Sub-Saharan Africa | G32: =VLOOKUP(B32,Population!A:B,2,FALSE)*(1-BP32/100) -> 1847549 | H32: =RANK(E33,E$2:E$49,1) -> 30 | I32: =RANK(G33,G$2:G$49,0) -> 35 | J32: =IFS(I33<=5,"High", I33<=15,"Moderate", TRUE,"Low") -> Low
A33: Gambia, The | B33: GMB | C33: Access to electricity (% of population) | D33: EG.ELC.ACCS.ZS | E33: 66.9 | F33: Sub-Saharan Africa | G33: =VLOOKUP(B33,Population!A:B,2,FALSE)*(1-BP33/100) -> 2697845 | H33: =RANK(E34,E$2:E$49,1) -> 46 | I33: =RANK(G34,G$2:G$49,0) -> 47 | J33: =IFS(I34<=5,"High", I34<=15,"Moderate", TRUE,"Low") -> Low
A34: Seychelles | B34: SYC | C34: Access to electricity (% of population) | D34: EG.ELC.ACCS.ZS | E34: 100 | F34: Sub-Saharan Africa | G34: =VLOOKUP(B34,Population!A:B,2,FALSE)*(1-BP34/100) -> 119773 | H34: =RANK(E35,E$2:E$49,1) -> 17 | I34: =RANK(G35,G$2:G$49,0) -> 23 | J34: =IFS(I35<=5,"High", I35<=15,"Moderate", TRUE,"Low") -> Moderate
A35: Guinea | B35: GIN | C35: Access to electricity (% of population) | D35: EG.ELC.ACCS.ZS | E35: 51.1 | F35: Sub-Saharan Africa | G35: =VLOOKUP(B35,Population!A:B,2,FALSE)*(1-BP35/100) -> 14405468 | H35: =RANK(E36,E$2:E$49,1) -> 17 | I35: =RANK(G36,G$2:G$49,0) -> 7 | J35: =IFS(I36<=5,"High", I36<=15,"Moderate", TRUE,"Low") -> Low
A36: Angola | B36: AGO | C36: Access to electricity (% of population) | D36: EG.ELC.ACCS.ZS | E36: 51.1 | F36: Sub-Saharan Africa | G36: =VLOOKUP(B36,Population!A:B,2,FALSE)*(1-BP36/100) -> 36749906 | H36: =RANK(E37,E$2:E$49,1) -> 29 | I36: =RANK(G37,G$2:G$49,0) -> 25 | J36: =IFS(I37<=5,"High", I37<=15,"Moderate", TRUE,"Low") -> Low
A37: Rwanda | B37: RWA | C37: Access to electricity (% of population) | D37: EG.ELC.ACCS.ZS | E37: 63.9 | F37: Sub-Saharan Africa | G37: =VLOOKUP(B37,Population!A:B,2,FALSE)*(1-BP37/100) -> 13954471 | H37: =RANK(E38,E$2:E$49,1) -> 27 | I37: =RANK(G38,G$2:G$49,0) -> 38 | J37: =IFS(I38<=5,"High", I38<=15,"Moderate", TRUE,"Low") -> Moderate
A38: Lesotho | B38: LSO | C38: Access to electricity (% of population) | D38: EG.ELC.ACCS.ZS | E38: 57.3 | F38: Sub-Saharan Africa | G38: =VLOOKUP(B38,Population!A:B,2,FALSE)*(1-BP38/100) -> 2311472 | H38: =RANK(E39,E$2:E$49,1) -> 41 | I38: =RANK(G39,G$2:G$49,0) -> 8 | J38: =IFS(I39<=5,"High", I39<=15,"Moderate", TRUE,"Low") -> High
A39: Ghana | B39: GHA | C39: Access to electricity (% of population) | D39: EG.ELC.ACCS.ZS | E39: 89.5 | F39: Sub-Saharan Africa | G39: =VLOOKUP(B39,Population!A:B,2,FALSE)*(1-BP39/100) -> 33787914 | H39: =RANK(E40,E$2:E$49,1) -> 25 | I39: =RANK(G40,G$2:G$49,0) -> 2 | J39: =IFS(I40<=5,"High", I40<=15,"Moderate", TRUE,"Low") -> Moderate
... A83: Burkina Faso | B83: BFA | C83: Access to electricity (% of population) | D83: EG.ELC.ACCS.ZS | E83: 21.7 | F83: Sub-Saharan Africa | G83: =VLOOKUP(B83,Population!A:B,2,FALSE)*(1-BP83/100) -> 23025776 | H83: =RANK(E84,E$2:E$49,1) -> #N/A | I83: =RANK(G84,G$2:G$49,0) -> #N/A | J83: =IFS(I84<=5,"High", I84<=15,"Moderate", TRUE,"Low") -> High
A84: Data Source | B84: World Development Indicators
A86: Last Updated Date | B86: 46216
A88: Data Source | B88: World Development Indicators
A90: Last Updated Date | B90: 46216

Sheet Sheet5
A1: Country Name | B1: Access Rate | C1: Pop without Electricity
A2: Sierra Leone | B2: Access to electricity (% of population) | C2: 8460512
A3: Gambia, The | B3: Access to electricity (% of population) | C3: 2697845
A4: Eritrea | B4: Access to electricity (% of population) | C4: 3470390
A5: Mali | B5: Access to electricity (% of population) | C5: 23769127
A6: South Sudan | B6: Access to electricity (% of population) | C6: 11483374
A7: Botswana | B7: Access to electricity (% of population) | C7: 2480244
A8: Equatorial Guinea | B8: Access to electricity (% of population) | C8: 1847549
A9: Namibia | B9: Access to electricity (% of population) | C9: 2963095
A10: Mauritius | B10: Access to electricity (% of population) | C10: 1248647
A11: Comoros | B11: Access to electricity (% of population) | C11: 850387
A12: Cabo Verde | B12: Access to electricity (% of population) | C12: 522331
A13: Senegal | B13: Access to electricity (% of population) | C13: 18077573
... A41: Togo | B41: Access to electricity (% of population) | C41: 8223850
A42: Country Name | B42: Indicator Name | C42: Pop without Electricity
A43: Angola | B43: Access to electricity (% of population) | C43: 36749906
A44: Burundi | B44: Access to electricity (% of population) | C44: 13689450
A45: Benin | B45: Access to electricity (% of population) | C45: 14111034
A46: Burkina Faso | B46: Access to electricity (% of population) | C46: 23025776
A47: Data Source
A49: Last Updated Date | B49: 46216

Sheet Dashboard
A16: Top 5 Highest-Need Countries
A17: Madagascar
A18: Mauritius
A19: Eswatini
A20: Senegal
A21: Liberia

Sheet Population
A1: World Development Indicators
A2: 46216
A4: Country Code | B4: 2023
A5: ABW | B5: 107359 | C5: =VLOOKUP(B5, Population!A:B, 2, FALSE) * (1 - B5/100) -> #N/A
A6: AFE | B6: 750491370
A7: AFG | B7: 41454761
A8: AFW | B8: 508318102
A9: AGO | B9: 36749906
A10: ALB | B10: 2411658
A11: AND | B11: 80856
A12: ARB | B12: 482105978
A13: ARE | B13: 10483751
A14: ARG | B14: 45538401
A15: ARM | B15: 2964300
A16: ASM | B16: 47521
A17: ATG | B17: 93316
... A113: IND | B113: 1438069596
A114: INX
A115: IRL | B115: 5311538
A116: IRN | B116: 90608707
A117: IRQ | B117: 45074049
A118: ISL | B118: 385663
A119: ISR | B119: 9849000
A120: ITA | B120: 58984216
A121: JAM | B121: 2839786
A122: JOR | B122: 11439213
A123: JPN | B123: 124516650
A124: KAZ | B124: 20330104
A125: KEN | B125: 55339003
A126: KGZ | B126: 7099750
... A269: ZWE | B269: 16340822

Sheet Metadata
A1: Country Code | B1: Region | C1: IncomeGroup
A2: ABW | B2: Latin America & Caribbean | C2: High income
A3: AFE
A4: AFG | B4: Middle East & North Africa | C4: Low income
A5: AFW
A6: AGO | B6: Sub-Saharan Africa | C6: Lower middle income
A7: ALB | B7: Europe & Central Asia | C7: Upper middle income
A8: AND | B8: Europe & Central Asia | C8: High income
A9: ARB
A10: ARE | B10: Middle East & North Africa | C10: High income
A11: ARG | B11: Latin America & Caribbean | C11: Upper middle income
A12: ARM | B12: Europe & Central Asia | C12: Upper middle income
A13: ASM | B13: East Asia & Pacific | C13: High income
A14: ATG | B14: Latin America & Caribbean | C14: High income
A15: AUS | B15: East Asia & Pacific | C15: High income
A16: AUT | B16: Europe & Central Asia | C16: High income
A17: AZE | B17: Europe & Central Asia | C17: Upper middle income
A18: BDI | B18: Sub-Saharan Africa | C18: Low income
A19: BEL | B19: Europe & Central Asia | C19: High income
A20: BEN | B20: Sub-Saharan Africa | C20: Lower middle income
A21: BFA | B21: Sub-Saharan Africa | C21: Low income
... A37: CAN | B37: North America | C37: High income
A38: CEB
A39: CHE | B39: Europe & Central Asia | C39: High income
A40: CHI | B40: Europe & Central Asia | C40: High income
A41: CHL | B41: Latin America & Caribbean | C41: High income
A42: CHN | B42: East Asia & Pacific | C42: Upper middle income
A43: CIV | B43: Sub-Saharan Africa | C43: Lower middle income
A44: CMR | B44: Sub-Saharan Africa | C44: Lower middle income
A45: COD | B45: Sub-Saharan Africa | C45: Low income
A46: COG | B46: Sub-Saharan Africa | C46: Lower middle income
A47: COL | B47: Latin America & Caribbean | C47: Upper middle income
A48: COM | B48: Sub-Saharan Africa | C48: Lower middle income
A49: CPV | B49: Sub-Saharan Africa | C49: Upper middle income
A50: CRI | B50: Latin America & Caribbean | C50: High income
A51: CSS
A52: CUB | B52: Latin America & Caribbean | C52: Upper middle income
A53: CUW | B53: Latin America & Caribbean | C53: High income
A54: CYM | B54: Latin America & Caribbean | C54: High income
A55: CYP | B55: Europe & Central Asia | C55: High income
A56: CZE | B56: Europe & Central Asia | C56: High income
A57: DEU | B57: Europe & Central Asia | C57: High income
A58: DJI | B58: Middle East & North Africa | C58: Lower middle income
A59: DMA | B59: Latin America & Caribbean | C59: Upper middle income
A60: DNK | B60: Europe & Central Asia | C60: High income
A61: DOM | B61: Latin America & Caribbean | C61: Upper middle income
A62: DZA | B62: Middle East & North Africa | C62: Upper middle income
A63: EAP
A64: EAR
A65: EAS
A66: ECA
A67: ECS
A68: ECU | B68: Latin America & Caribbean | C68: Upper middle income
A69: EGY | B69: Middle East & North Africa | C69: Lower middle income
A70: EMU
A71: ERI | B71: Sub-Saharan Africa | C71: Low income
A72: ESP | B72: Europe & Central Asia | C72: High income
A73: EST | B73: Europe & Central Asia | C73: High income
A74: ETH | B74: Sub-Saharan Africa | C74: Low income
A75: EUU
A76: FIN | B76: Europe & Central Asia | C76: High income
A77: FJI | B77: East Asia & Pacific | C77: Upper middle income
A78: FRA | B78: Europe & Central Asia | C78: High income
A79: FRO | B79: Europe & Central Asia | C79: High income
A80: FSM | B80: East Asia & Pacific | C80: Upper middle income
A81: GAB | B81: Sub-Saharan Africa | C81: Upper middle income
A82: GBR | B82: Europe & Central Asia | C82: High income
A83: GEO | B83: Europe & Central Asia | C83: Upper middle income
A84: GHA | B84: Sub-Saharan Africa | C84: Lower middle income
A85: GIB | B85: Europe & Central Asia | C85: High income
A86: GIN | B86: Sub-Saharan Africa | C86: Lower middle income
A87: GMB | B87: Sub-Saharan Africa | C87: Low income
... A95: GUY | B95: Latin America & Caribbean | C95: High income
A96: HIC
A97: HKG | B97: East Asia & Pacific | C97: High income
A98: HND | B98: Latin America & Caribbean | C98: Lower middle income
A99: HPC
A100: HRV | B100: Europe & Central Asia | C100: High income
A101: HTI | B101: Latin America & Caribbean | C101: Lower middle income
A102: HUN | B102: Europe & Central Asia | C102: High income
A103: IBD
A104: IBT
A105: IDA
A106: IDB
A107: IDN | B107: East Asia & Pacific | C107: Upper middle income
A108: IDX
A109: IMN | B109: Europe & Central Asia | C109: High income
A110: IND | B110: South Asia | C110: Lower middle income
A111: IRL | B111: Europe & Central Asia | C111: High income
A112: IRN | B112: Middle East & North Africa | C112: Upper middle income
A113: IRQ | B113: Middle East & North Africa | C113: Upper middle income
A114: ISL | B114: Europe & Central Asia | C114: High income
A115: ISR | B115: Middle East & North Africa | C115: High income
A116: ITA | B116: Europe & Central Asia | C116: High income
A117: JAM | B117: Latin America & Caribbean | C117: Upper middle income
A118: JOR | B118: Middle East & North Africa | C118: Upper middle income
A119: JPN | B119: East Asia & Pacific | C119: High income
A120: KAZ | B120: Europe & Central Asia | C120: Upper middle income
... A127: KWT | B127: Middle East & North Africa | C127: High income
A128: LAC
...
